tick,team0_fighters,team1_fighters,team2_fighters,team3_fighters,team4_fighters,team5_fighters,cursor0_x,cursor0_y,cursor1_x,cursor1_y,cursor2_x,cursor2_y,cursor3_x,cursor3_y,cursor4_x,cursor4_y,cursor5_x,cursor5_y,area_w,area_h,army_size
2,1225,1225,1225,1225,1225,1225,33,48,101,51,165,50,32,149,98,148,168,153,200,200,7350
22,1225,1225,1225,1225,1225,1225,41,57,105,60,153,51,39,161,81,148,175,150,200,200,7350
42,1225,1225,1225,1225,1225,1225,59,77,95,79,133,59,57,172,61,148,184,130,200,200,7350
62,1225,1220,1230,1228,1222,1225,49,90,76,81,117,59,74,157,45,143,188,117,200,200,7350
82,1225,1191,1259,1212,1238,1225,68,86,62,72,113,62,94,137,61,150,174,137,200,200,7350
102,1239,1147,1289,1257,1193,1225,88,89,48,52,93,82,112,119,81,154,154,140,200,200,7350
122,12122,1221,1211,1243,1144,1306,1225,110,58,80,131,87,87,62,140,46,173,67,188,200,200,7142,142,1233,1196,1247,1061,1388,1225,109,59,60,135,107,107,69,153,46,173,59,168,200,200,7162,162,1238,1214,1239,1028,1382,1249,107,63,55,132,108,127,71,156,66,165,59,158,200,2182,130182,1230,1220,1219,1433,991,1257,88,82,46,50,122,188,140,74,134,96,103,130,200202,1307,8202,1175,1275,1228,1501,884,1287,92,84,55,58,108,194,138,63,132,87,108,123,222,1298,889,222,1130,1320,1251,1524,840,1285,92,84,70,74,93,193,126,82,120,107,90,13242,1298,910,14242,1089,1361,1263,1562,799,1276,92,84,90,94,73,187,123,102,105,127,79262,1292,938,1405,262,1099,1351,1258,1619,677,1346,92,85,101,107,70,167,130,122,94,134282,1342,961,1350,120282,1112,1344,1243,1623,606,1422,73,77,107,125,76,149,134,140,103,1302,1395,968,1330,1211,302,1074,1408,1263,1580,543,1482,58,67,89,128,73,146,152,150,10322,1460,944,1361,1205,880322,1048,1484,1290,1554,466,1508,74,78,80,124,67,135,151,169342,1482,932,1381,1252,725,15342,1050,1517,1346,1561,413,1463,94,94,80,124,67,133,157,362,1533,866,1412,1315,562,1662,362,1090,1483,1391,1628,362,1396,110,114,80,124,86,132382,1567,782,1464,1331,471,1735,78,15382,1116,1408,1547,1670,289,1320,100,129,80,124,9402,1584,732,1536,1309,391,1798,61,152,55,402,1126,1381,1644,1791,236,1172,90,131,80,12422,1555,738,1565,1244,333,1915,61,152,52,145422,1153,1347,1717,1841,214,1078,90,131,85442,1527,772,1586,1199,283,1983,61,152,35,125,42,442,1191,1316,1792,1865,178,1008,90,1462,1467,793,1628,1152,242,2068,54,137,39,105,42,103,66462,1206,1288,1898,1829,194,935482,1437,779,1685,1125,228,2096,47,139,40,103,40,105,66,144,482,1218,1239,1978,1859,19502,1407,799,1692,1076,248,2128,32,119,40,103,40,105,66,145,77,502,1195,1266,1991,1831522,1339,814,1647,1102,217,2231,37,106,40,103,40,105,66,144,86,142522,1172,1275,2004,1542,1303,797,1690,1093,249,2218,36,106,40,103,48,95,66,145,102,130,3542,1201,1224,2137562,1277,806,1687,1096,246,2238,36,106,31,116,68,84,48,137,104,111,37,9562,1190,1236,2582,1195,860,1639,1167,234,2255,36,106,44,134,85,85,35,123,97,95,37,98,200,582,1185,602,1129,915,1599,1205,264,2238,36,105,44,134,103,105,34,118,97,95,37,98,200,200,602,1205,1250,2381,1502,126,886,108,151,92,149,80,146,104,110,115,114,68,154,200,200,7350
622,1229,1234,2479,1459,134,815,95,162,92,149,71,152,103,130,121,104,82,145,200,200,73566642,1247,1214,2501,1419,102,867,103,156,92,149,64,148,83,132,117,110,88,146,200,200682,92662,1291,1187,2556,1381,84,851,107,136,92,149,77,148,75,137,108,130,96,151,200,702,859,1682,1364,1157,2668,1237,64,860,107,116,96,152,97,130,75,135,108,139,110,159,2722,818,1104702,1373,1137,2713,1167,51,909,111,112,88,151,108,116,75,134,109,138,109,1742,785,1129,186722,1427,1091,2767,1122,30,913,111,112,69,156,96,98,75,133,109,138,109,1762,724,1130,188742,1389,1056,2855,1078,25,947,115,113,65,156,85,94,75,133,109,137,108,1782,713,1116,190762,1341,1037,2847,1073,38,1014,123,121,55,147,85,94,75,132,108,143,109,802,668,1148,1926,1956,109,1543,32,104,74,155,58,140,93,83,106,125,87,133,200,200,7350
822,623,1166,2033,2060,60,1408,31,105,68,159,68,132,81,82,106,125,87,132,200,200,7350
842,585,1278,1975,2143,26,1343,31,105,55,143,68,132,61,88,101,131,87,132,200,200,7350
862,553,1352,1944,2166,26,1309,30,106,51,138,65,141,52,97,94,133,88,131,200,200,7350
882,508,1322,2029,2164,1862,924,1037,3057,1139,36,1157,75,98,75,119,108,123,61,158,91902,493,1361,2065,2090,5,1882,864,1034,3136,1166,28,1122,75,98,75,119,90,120,63,168,7922,510,1341,2036,2094,136902,811,1011,3228,1207,5,1088,75,98,75,119,78,116,73,161,942,536,1338,2074,2026,1376922,744,1004,3320,1213,8,1061,75,98,58,135,78,116,92,160962,557,1257,2150,2040,1346,942,762,1005,3449,1151,3,980,75,98,67,155,78,116,96,165982,567,1248,2202,2004,1329,0962,780,1108,3377,1051,5,1029,75,98,67,156,78,116,96,11002,582,1266,2152,2029,1321,0,982,796,1087,3524,955,9,979,93,96,67,156,77,131,87,141022,590,1244,2145,2155,1216,01002,831,1057,3578,913,9,962,101,98,78,151,75,132,77,11042,568,1263,2097,2258,1164,0,1022,877,1048,3688,800,6,931,109,114,66,165,64,138,77,11062,546,1298,2069,2372,1065,0,1042,947,987,3780,695,5,936,101,131,57,182,59,130,78,1271082,528,1256,2138,2431,997,01062,1014,972,3711,667,13,973,89,133,57,182,70,133,78,121102,556,1222,2173,2476,923,0,1082,1059,1020,3677,629,12,953,89,133,63,175,75,132,77,126,103,129,133,95,200,200,7350
1102,1118,1125,3543,540,11,1013,89,133,59,155,75,121,78,125,109,127,125,102,200,200,7350
1122,1132,1056,3616,539,10,997,71,135,56,135,87,135,77,125,109,127,108,122,200,200,7350
1142,1113,1038,3620,516,10,1053,51,139,69,131,107,126,78,125,108,127,92,125,200,200,7350
1162,1166,1073,3521,502,6,1082,47,141,66,133,104,106,77,124,109,127,73,120,200,200,7350
1182,1145,1070,3544,507,4,1080,47,141,57,132,101,97,78,124,109,126,71,118,200,200,7350
1202,1141,1044,3533,485,3,1144,43,139,77,118,112,117,77,123,109,126,71,118,200,200,7350
1222,1112,1028,3491,565,5,1149,61,135,78,118,97,131,67,135,109,126,71,118,200,200,7350
1242,1058,1020,3552,583,5,1132,81,130,66,129,84,134,63,140,109,117,71,124,200,200,7350
1262,1101,990,3515,600,4,1140,86,135,47,134,76,129,63,149,103,99,67,132,200,200,7350
1282,1163,927,3480,633,2,1145,86,135,32,125,61,130,50,140,103,99,54,140,200,200,7350
1302,1152,908,3431,646,3,1210,76,124,30,114,60,131,44,135,109,113,57,145,200,200,7350
1322,1133,869,3504,673,4,1167,71,132,30,114,67,151,52,144,112,121,66,165,200,200,7350
1342,1196,823,3535,722,4,1070,64,151,35,127,60,139,67,164,124,118,57,175,200,200,7350
1362,1206,797,3558,774,4,1011,59,157,53,132,55,139,64,170,125,120,57,175,200,200,7350
1382,1261,832,3573,716,6,962,59,157,55,131,54,135,72,163,122,123,60,171,200,200,7350
1402,1223,952,3671,575,9,920,75,149,72,149,36,127,92,160,122,123,60,171,200,200,7350
1422,1218,978,3734,551,10,859,87,148,68,165,35,127,92,160,108,136,75,163,200,200,7350
1442,1195,1039,3856,502,9,749,87,148,73,156,32,115,88,147,93,129,95,163,200,200,7350
1462,1134,985,3989,448,9,785,71,146,69,168,37,110,73,129,93,129,83,167,200,200,7350
1482,1149,902,4053,402,16,828,51,135,62,166,32,121,67,122,86,142,73,157,200,200,7350
1502,1087,783,4200,406,11,863,36,126,56,146,36,120,67,122,87,144,53,143,200,200,7350
1522,1049,709,4263,407,17,905,39,106,59,130,42,134,67,123,91,142,44,135,200,200,7350
1542,1025,690,4309,398,10,918,42,103,57,130,57,130,76,132,107,128,44,135,200,200,7350
1562,1018,622,4320,407,8,975,39,102,58,130,57,130,79,149,108,109,53,135,200,200,7350
1582,970,579,4365,400,9,1027,37,119,60,128,57,130,77,151,109,109,59,133,200,200,7350
1602,948,486,4248,394,12,1262,33,131,62,128,49,138,82,145,109,126,66,131,200,200,7350
1622,869,545,4168,380,13,1375,35,116,61,128,36,154,71,127,104,110,73,119,200,200,7350
1642,825,568,4283,288,12,1374,34,106,78,131,40,163,67,119,106,113,81,122,200,200,7350
1662,802,667,4336,227,12,1306,34,106,84,136,40,163,66,117,104,133,89,130,200,200,7350
1682,787,734,4384,211,16,1218,34,107,93,145,36,153,66,117,93,153,78,129,200,200,7350
1702,759,767,4341,196,8,1279,34,107,109,157,51,143,67,116,92,155,70,137,200,200,7350
1722,732,730,4573,196,14,1105,34,107,109,157,63,145,68,116,92,155,70,156,200,200,7350
1742,698,783,4669,196,10,994,33,107,91,150,65,152,68,115,81,161,60,149,200,200,7350
1762,676,824,4753,207,17,873,33,107,89,148,66,172,68,116,64,171,65,157,200,200,7350
1782,635,884,4896,205,15,715,32,108,80,133,66,173,61,114,62,171,68,167,200,200,7350
1802,613,875,5015,213,20,614,31,108,78,117,61,157,43,132,62,171,69,166,200,200,7350
1822,574,797,5200,236,15,528,30,108,78,117,57,140,35,113,62,171,70,167,200,200,7350
1842,546,689,5385,246,11,473,30,109,78,119,51,136,33,105,75,159,70,167,200,200,7350
1862,542,561,5644,225,16,362,29,109,59,129,34,121,33,105,91,164,72,167,200,200,7350
1882,530,501,5774,234,19,292,29,109,61,127,34,119,33,105,91,164,74,165,200,200,7350
1902,530,440,5848,240,21,271,29,109,65,126,36,124,37,120,91,154,75,165,200,200,7350
1922,504,387,5970,259,9,221,28,109,68,125,50,131,49,130,86,152,76,165,200,200,7350
1942,494,320,6084,242,5,205,28,109,68,123,51,128,64,117,75,151,76,166,200,200,7350
1962,492,262,6165,233,7,191,28,109,67,123,56,119,61,129,84,143,76,166,200,200,7350
1982,487,177,6252,245,8,181,28,109,67,123,54,121,61,129,84,143,76,166,200,200,7350
2002,535,162,6182,300,11,160,40,96,67,124,37,128,64,142,81,137,76,166,200,200,7350
2022,549,138,6207,292,10,154,46,93,57,124,29,121,53,134,61,132,76,166,200,200,7350
2042,566,108,6240,292,10,134,56,82,55,123,36,116,35,125,60,130,73,165,200,200,7350
2062,577,114,6220,293,11,135,46,93,58,122,37,111,35,123,67,124,73,169,200,200,7350
2082,499,115,6314,265,2,155,36,113,67,123,21,103,35,123,73,120,68,162,200,200,7350
2102,450,99,6341,267,1,192,43,133,72,128,20,103,35,123,92,131,71,149,200,200,7350
2122,455,87,6365,262,4,177,61,137,76,126,28,110,42,134,107,129,67,145,200,200,7350
2142,441,83,6372,280,5,169,61,137,74,125,28,115,53,146,100,131,51,129,200,200,7350
2162,421,84,6359,315,2,169,61,137,81,126,28,111,53,145,86,131,51,129,200,200,7350
2182,454,76,6319,333,8,160,61,137,64,135,33,117,54,145,86,131,36,125,200,200,7350
2202,376,93,6386,355,140,0,52,139,44,139,22,100,65,130,-1,-1,40,128,200,200,7350
2222,400,89,6346,366,149,0,34,126,36,140,34,111,63,147,-1,-1,45,137,200,200,7350
2242,355,90,6393,387,125,0,31,107,36,140,43,117,65,156,-1,-1,32,122,200,200,7350
2262,343,82,6445,379,101,0,44,100,36,133,37,124,69,156,-1,-1,26,118,200,200,7350
2282,295,96,6506,345,108,0,40,105,33,113,52,125,89,151,-1,-1,36,128,200,200,7350
2302,275,102,6590,300,83,0,30,111,35,99,67,115,101,155,-1,-1,56,148,200,200,7350
2322,238,144,6605,279,84,0,29,111,35,99,67,115,101,155,-1,-1,70,166,200,200,7350
2342,218,145,6634,295,58,0,29,111,32,99,67,115,97,149,-1,-1,71,167,200,200,7350
2362,205,152,6663,282,48,0,29,112,22,102,68,117,87,139,-1,-1,72,167,200,200,7350
2382,195,154,6689,262,50,0,28,112,32,103,55,120,87,139,-1,-1,72,168,200,200,7350
2402,243,138,6646,272,51,0,28,110,37,115,39,129,77,129,-1,-1,72,168,200,200,7350
2422,266,56,6708,263,57,0,46,99,43,135,39,120,67,124,-1,-1,88,164,200,200,7350
2442,245,47,6729,275,54,0,47,100,63,128,50,127,47,136,-1,-1,92,163,200,200,7350
2462,254,45,6769,216,66,0,36,114,78,115,68,114,33,121,-1,-1,91,151,200,200,7350
2482,250,33,6790,201,76,0,44,134,78,115,67,114,33,121,-1,-1,86,153,200,200,7350
2502,249,34,6806,175,86,0,60,131,78,115,47,128,33,121,-1,-1,66,150,200,200,7350
2522,238,29,6797,218,68,0,73,119,78,115,40,119,49,130,-1,-1,55,139,200,200,7350
2542,233,20,6808,217,72,0,73,119,64,115,36,119,60,115,-1,-1,55,139,200,200,7350
2562,238,23,6821,230,38,0,73,119,58,117,35,116,57,133,-1,-1,67,151,200,200,7350
2582,199,26,6828,274,23,0,73,119,56,122,36,126,75,153,-1,-1,72,164,200,200,7350
2602,242,29,6786,276,17,0,56,135,56,137,54,125,69,166,-1,-1,72,165,200,200,7350
2622,275,27,6733,296,19,0,36,126,55,139,38,130,69,166,-1,-1,72,165,200,200,7350
2642,287,36,6691,326,10,0,29,114,36,128,36,128,69,166,-1,-1,72,165,200,200,7350
2662,302,51,6675,316,6,0,39,131,29,110,56,121,58,147,-1,-1,71,166,200,200,7350
2682,321,46,6714,262,7,0,59,132,29,110,71,116,61,138,-1,-1,71,165,200,200,7350
2702,277,45,6742,281,5,0,74,122,31,113,71,116,62,137,-1,-1,71,165,200,200,7350
2722,332,23,6779,214,2,0,74,122,29,121,53,122,64,118,-1,-1,72,165,200,200,7350
2742,306,14,6859,171,0,0,74,122,49,128,36,125,64,116,-1,-1,-1,-1,200,200,7350
2762,330,21,6816,183,0,0,71,119,51,127,49,128,64,115,-1,-1,-1,-1,200,200,7350
2782,305,12,6888,145,0,0,76,118,43,133,67,114,47,129,-1,-1,-1,-1,200,200,7350
2802,257,10,6946,137,0,0,73,124,42,122,54,121,29,120,-1,-1,-1,-1,200,200,7350
2822,229,11,6950,160,0,0,53,131,43,120,37,126,29,120,-1,-1,-1,-1,200,200,7350
2842,142,8,6996,204,0,0,33,124,43,121,40,128,30,120,-1,-1,-1,-1,200,200,7350
2862,198,11,7004,137,0,0,31,115,43,120,57,119,35,101,-1,-1,-1,-1,200,200,7350
2882,198,15,7029,108,0,0,34,118,43,120,65,113,37,101,-1,-1,-1,-1,200,200,7350
2902,215,26,6983,126,0,0,41,99,35,137,47,130,37,101,-1,-1,-1,-1,200,200,7350
2922,231,32,6954,133,0,0,49,90,35,142,37,119,34,107,-1,-1,-1,-1,200,200,7350
2942,209,31,6979,131,0,0,49,90,32,134,42,117,35,125,-1,-1,-1,-1,200,200,7350
2962,207,30,6978,135,0,0,36,104,32,134,32,114,35,125,-1,-1,-1,-1,200,200,7350
2982,172,31,7013,134,0,0,34,116,32,134,34,126,35,125,-1,-1,-1,-1,200,200,7350
3002,152,36,7052,110,0,0,34,117,48,137,53,123,32,134,-1,-1,-1,-1,200,200,7350
3022,155,44,7056,95,0,0,34,117,55,137,54,122,29,139,-1,-1,-1,-1,200,200,7350
3042,147,39,7046,118,0,0,38,126,63,132,38,128,45,132,-1,-1,-1,-1,200,200,7350
3062,146,27,7077,100,0,0,50,131,62,135,43,119,55,120,-1,-1,-1,-1,200,200,7350
3082,114,22,7121,93,0,0,48,132,47,132,37,127,55,120,-1,-1,-1,-1,200,200,7350
3102,158,23,7102,67,0,0,32,121,43,121,54,122,54,121,-1,-1,-1,-1,200,200,7350
3122,173,39,7071,67,0,0,32,119,41,121,47,130,54,120,-1,-1,-1,-1,200,200,7350
3142,175,47,7061,67,0,0,35,111,43,132,38,120,54,121,-1,-1,-1,-1,200,200,7350
3162,160,27,7086,77,0,0,35,117,42,132,43,117,61,129,-1,-1,-1,-1,200,200,7350
3182,143,31,7078,98,0,0,45,134,33,119,28,121,69,129,-1,-1,-1,-1,200,200,7350
3202,137,36,7077,100,0,0,53,135,37,117,34,119,56,136,-1,-1,-1,-1,200,200,7350
3222,138,18,7073,121,0,0,53,135,42,120,35,126,39,129,-1,-1,-1,-1,200,200,7350
3242,159,11,7091,89,0,0,39,129,43,120,53,123,42,117,-1,-1,-1,-1,200,200,7350
3262,184,9,7077,80,0,0,37,127,42,121,53,123,42,117,-1,-1,-1,-1,200,200,7350
3282,179,8,7063,100,0,0,55,130,42,121,41,131,41,118,-1,-1,-1,-1,200,200,7350
3302,128,2,7117,103,0,0,55,130,41,121,42,118,40,137,-1,-1,-1,-1,200,200,7350
3322,157,7076,117,0,0,0,43,132,-1,-1,29,121,37,150,-1,-1,-1,-1,200,200,7350
3342,169,7061,120,0,0,0,35,131,-1,-1,27,122,37,150,-1,-1,-1,-1,200,200,7350
3362,147,7086,117,0,0,0,31,145,-1,-1,37,122,46,139,-1,-1,-1,-1,200,200,7350
3382,168,7081,101,0,0,0,32,143,-1,-1,50,127,53,124,-1,-1,-1,-1,200,200,7350
3402,183,7086,81,0,0,0,35,123,-1,-1,52,125,53,122,-1,-1,-1,-1,200,200,7350
3422,173,7108,69,0,0,0,42,132,-1,-1,38,126,54,121,-1,-1,-1,-1,200,200,7350
3442,150,7133,67,0,0,0,54,126,-1,-1,43,119,54,121,-1,-1,-1,-1,200,200,7350
3462,159,7127,64,0,0,0,54,126,-1,-1,27,122,54,121,-1,-1,-1,-1,200,200,7350
3482,172,7111,67,0,0,0,35,125,-1,-1,40,118,54,121,-1,-1,-1,-1,200,200,7350
3502,185,7080,85,0,0,0,35,127,-1,-1,27,123,61,139,-1,-1,-1,-1,200,200,7350
3522,178,7068,104,0,0,0,39,136,-1,-1,39,114,61,143,-1,-1,-1,-1,200,200,7350
3542,143,7090,117,0,0,0,39,136,-1,-1,39,129,64,138,-1,-1,-1,-1,200,200,7350
3562,145,7099,106,0,0,0,39,136,-1,-1,52,127,60,132,-1,-1,-1,-1,200,200,7350
3582,188,7064,98,0,0,0,35,124,-1,-1,44,134,44,132,-1,-1,-1,-1,200,200,7350
3602,195,7050,105,0,0,0,32,107,-1,-1,39,118,32,121,-1,-1,-1,-1,200,200,7350
3622,169,7069,112,0,0,0,46,87,-1,-1,27,122,32,121,-1,-1,-1,-1,200,200,7350
3642,192,7063,95,0,0,0,46,87,-1,-1,37,117,36,114,-1,-1,-1,-1,200,200,7350
3662,200,7041,109,0,0,0,44,91,-1,-1,35,118,36,108,-1,-1,-1,-1,200,200,7350
3682,201,7028,121,0,0,0,34,111,-1,-1,41,114,25,104,-1,-1,-1,-1,200,200,7350
3702,161,7082,107,0,0,0,33,117,-1,-1,43,118,34,115,-1,-1,-1,-1,200,200,7350
3722,198,7047,105,0,0,0,34,117,-1,-1,41,131,31,128,-1,-1,-1,-1,200,200,7350
3742,228,7020,102,0,0,0,29,101,-1,-1,39,117,31,130,-1,-1,-1,-1,200,200,7350
3762,243,7005,102,0,0,0,31,98,-1,-1,40,117,49,127,-1,-1,-1,-1,200,200,7350
3782,261,7007,82,0,0,0,40,99,-1,-1,44,133,53,123,-1,-1,-1,-1,200,200,7350
3802,278,6993,79,0,0,0,48,97,-1,-1,45,132,53,122,-1,-1,-1,-1,200,200,7350
3822,256,7018,76,0,0,0,58,89,-1,-1,34,117,46,131,-1,-1,-1,-1,200,200,7350
3842,216,7043,91,0,0,0,78,88,-1,-1,32,115,33,122,-1,-1,-1,-1,200,200,7350
3862,213,7041,96,0,0,0,82,95,-1,-1,28,119,33,122,-1,-1,-1,-1,200,200,7350
3882,189,7067,94,0,0,0,82,95,-1,-1,39,114,32,102,-1,-1,-1,-1,200,200,7350
3902,181,7062,107,0,0,0,71,88,-1,-1,41,112,42,92,-1,-1,-1,-1,200,200,7350
3922,220,7017,113,0,0,0,53,94,-1,-1,39,127,42,92,-1,-1,-1,-1,200,200,7350
3942,215,7021,114,0,0,0,53,94,-1,-1,40,112,34,110,-1,-1,-1,-1,200,200,7350
3962,197,7043,110,0,0,0,53,94,-1,-1,37,115,32,108,-1,-1,-1,-1,200,200,7350
3982,184,7032,134,0,0,0,49,98,-1,-1,26,118,24,98,-1,-1,-1,-1,200,200,7350
4002,183,7030,137,0,0,0,36,115,-1,-1,39,111,35,113,-1,-1,-1,-1,200,200,7350
4022,169,7059,122,0,0,0,35,117,-1,-1,36,117,41,130,-1,-1,-1,-1,200,200,7350
4042,179,7072,99,0,0,0,35,117,-1,-1,39,113,53,123,-1,-1,-1,-1,200,200,7350
4062,171,7092,87,0,0,0,35,117,-1,-1,35,126,52,123,-1,-1,-1,-1,200,200,7350
4082,182,7087,81,0,0,0,35,118,-1,-1,54,124,53,122,-1,-1,-1,-1,200,200,7350
4102,212,7077,61,0,0,0,31,110,-1,-1,48,129,53,122,-1,-1,-1,-1,200,200,7350
4122,222,7067,61,0,0,0,30,99,-1,-1,40,119,53,121,-1,-1,-1,-1,200,200,7350
4142,213,7068,69,0,0,0,37,114,-1,-1,36,119,53,122,-1,-1,-1,-1,200,200,7350
4162,180,7094,76,0,0,0,42,132,-1,-1,27,120,36,126,-1,-1,-1,-1,200,200,7350
4182,184,7077,89,0,0,0,58,139,-1,-1,39,116,36,117,-1,-1,-1,-1,200,200,7350
4202,173,7085,92,0,0,0,77,126,-1,-1,30,120,36,119,-1,-1,-1,-1,200,200,7350
4222,160,7084,106,0,0,0,77,126,-1,-1,36,128,33,117,-1,-1,-1,-1,200,200,7350
4242,181,7105,64,0,0,0,77,126,-1,-1,53,124,36,117,-1,-1,-1,-1,200,200,7350
4262,169,7082,99,0,0,0,77,126,-1,-1,36,123,45,132,-1,-1,-1,-1,200,200,7350
4282,161,7098,91,0,0,0,72,129,-1,-1,37,126,45,132,-1,-1,-1,-1,200,200,7350
4302,183,7109,58,0,0,0,52,130,-1,-1,54,122,38,115,-1,-1,-1,-1,200,200,7350
4322,182,7099,69,0,0,0,45,137,-1,-1,48,130,41,105,-1,-1,-1,-1,200,200,7350
4342,170,7097,83,0,0,0,54,136,-1,-1,28,123,41,105,-1,-1,-1,-1,200,200,7350
4362,163,7093,94,0,0,0,73,129,-1,-1,39,120,41,105,-1,-1,-1,-1,200,200,7350
4382,132,7126,92,0,0,0,73,129,-1,-1,34,125,52,96,-1,-1,-1,-1,200,200,7350
4402,163,7087,100,0,0,0,63,135,-1,-1,37,115,48,99,-1,-1,-1,-1,200,200,7350
4422,138,7142,70,0,0,0,43,132,-1,-1,43,117,35,114,-1,-1,-1,-1,200,200,7350
4442,133,7133,84,0,0,0,34,120,-1,-1,27,123,41,131,-1,-1,-1,-1,200,200,7350
4462,173,7093,84,0,0,0,32,102,-1,-1,42,134,56,132,-1,-1,-1,-1,200,200,7350
4482,206,7078,66,0,0,0,35,97,-1,-1,43,132,67,132,-1,-1,-1,-1,200,200,7350
4502,228,7052,70,0,0,0,42,94,-1,-1,40,120,75,130,-1,-1,-1,-1,200,200,7350
4522,232,7042,76,0,0,0,48,89,-1,-1,43,116,63,135,-1,-1,-1,-1,200,200,7350
4542,242,7037,71,0,0,0,47,92,-1,-1,33,120,55,130,-1,-1,-1,-1,200,200,7350
4562,224,7025,101,0,0,0,67,83,-1,-1,32,116,62,150,-1,-1,-1,-1,200,200,7350
4582,167,7062,121,0,0,0,82,83,-1,-1,43,114,61,153,-1,-1,-1,-1,200,200,7350
4602,181,7042,127,0,0,0,82,83,-1,-1,31,119,68,152,-1,-1,-1,-1,200,200,7350
4622,197,6988,165,0,0,0,76,81,-1,-1,35,124,81,150,-1,-1,-1,-1,200,200,7350
4642,229,6974,147,0,0,0,56,89,-1,-1,51,129,75,155,-1,-1,-1,-1,200,200,7350
4662,232,6997,121,0,0,0,38,107,-1,-1,43,132,66,150,-1,-1,-1,-1,200,200,7350
4682,224,6971,155,0,0,0,29,106,-1,-1,40,115,53,130,-1,-1,-1,-1,200,200,7350
4702,231,6964,155,0,0,0,24,105,-1,-1,38,117,61,129,-1,-1,-1,-1,200,200,7350
4722,198,6994,158,0,0,0,34,113,-1,-1,27,117,63,129,-1,-1,-1,-1,200,200,7350
4742,220,6963,167,0,0,0,46,96,-1,-1,36,128,74,128,-1,-1,-1,-1,200,200,7350
4762,252,6960,138,0,0,0,52,98,-1,-1,54,129,76,125,-1,-1,-1,-1,200,200,7350
4782,250,6964,136,0,0,0,50,99,-1,-1,36,127,73,118,-1,-1,-1,-1,200,200,7350
4802,227,6988,135,0,0,0,32,104,-1,-1,32,120,54,124,-1,-1,-1,-1,200,200,7350
4822,283,6949,118,0,0,0,24,100,-1,-1,48,129,36,143,-1,-1,-1,-1,200,200,7350
4842,287,6976,87,0,0,0,24,100,-1,-1,54,124,33,143,-1,-1,-1,-1,200,200,7350
4862,308,6949,93,0,0,0,42,87,-1,-1,45,132,43,133,-1,-1,-1,-1,200,200,7350
4882,267,6993,90,0,0,0,56,74,-1,-1,28,118,53,122,-1,-1,-1,-1,200,200,7350
4902,267,7009,74,0,0,0,56,74,-1,-1,33,111,53,122,-1,-1,-1,-1,200,200,7350
4922,276,7000,74,0,0,0,48,83,-1,-1,35,117,54,121,-1,-1,-1,-1,200,200,7350
4942,277,7010,63,0,0,0,33,103,-1,-1,40,117,53,122,-1,-1,-1,-1,200,200,7350
4962,217,7065,68,0,0,0,34,116,-1,-1,42,117,53,121,-1,-1,-1,-1,200,200,7350
4982,205,7075,70,0,0,0,34,117,-1,-1,27,119,53,121,-1,-1,-1,-1,200,200,7350
5002,183,7097,70,0,0,0,35,117,-1,-1,34,116,72,116,-1,-1,-1,-1,200,200,7350
5022,161,7086,103,0,0,0,34,117,-1,-1,41,117,78,122,-1,-1,-1,-1,200,200,7350
5042,181,7051,118,0,0,0,35,118,-1,-1,38,128,73,117,-1,-1,-1,-1,200,200,7350
5062,171,7069,110,0,0,0,43,134,-1,-1,56,125,77,129,-1,-1,-1,-1,200,200,7350
5082,176,7074,100,0,0,0,63,134,-1,-1,46,133,68,137,-1,-1,-1,-1,200,200,7350
5102,166,7071,113,0,0,0,67,134,-1,-1,41,119,55,140,-1,-1,-1,-1,200,200,7350
5122,154,7071,125,0,0,0,67,134,-1,-1,40,119,55,140,-1,-1,-1,-1,200,200,7350
5142,162,7052,136,0,0,0,55,126,-1,-1,46,133,65,147,-1,-1,-1,-1,200,200,7350
5162,169,7067,114,0,0,0,63,132,-1,-1,54,125,74,152,-1,-1,-1,-1,200,200,7350
5182,168,7082,100,0,0,0,75,128,-1,-1,54,125,66,146,-1,-1,-1,-1,200,200,7350
5202,164,7080,106,0,0,0,75,122,-1,-1,36,125,54,126,-1,-1,-1,-1,200,200,7350
5222,162,7099,89,0,0,0,76,120,-1,-1,34,122,53,122,-1,-1,-1,-1,200,4902,13135242,180,7088,82,0,0,0,96,129,-1,-1,27,122,53,122,-1,-1,-1,-1,200,200,7350
5262,195,7093,62,0,0,0,108,118,-1,-1,38,121,53,121,-1,-1,-1,-1,200,200,7350
5282,162,7122,66,0,0,0,102,101,-1,-1,42,117,53,122,-1,-1,-1,-1,200,200,7350
5302,190,7074,86,0,0,0,93,96,-1,-1,41,118,52,130,-1,-1,-1,-1,200,200,7350
5322,169,7080,101,0,0,0,93,96,-1,-1,31,114982,1477,745,1243,2097,563,1225,15342,176,7075,99,0,0,0,93,96,-1,-1,41,113,36,126,-1,-5002,1487,720,1175,215362,139,7098,113,0,0,0,93,96,-1,-1,40,117,36,146,-1,-1,-1,-1,2005022,1547,5382,160,7069,121,0,0,0,87,90,-1,-1,26,119,36,155,-1,-1,-1,-1,200,200,7350
55042,1479,753,1015,2117,740,1246,127,119,64,68,125,81,103,69,96,82,116,80,5422,211,70155062,1484,768,965,2103,791,1239,134,127,57,60,126,81,113,70,104,5442,199,7041,110,0,0,05082,1473,800,912,2127,819,1219,134,127,57,60,127,81,5462,178,7041,131,0,0,0,80,150,-1,5102,1525,753,906,2147,838,1181,134,127,575482,166,7043,141,0,0,0,80,150,-1,-1,40,118,75122,1531,759,882,2149,831,11985502,144,7070,136,0,0,0,80,150,-1,-1,37,123,64,148,-1,-15142,1607,695,893,215522,162,7058,130,0,0,0,80,150,-1,-1,52,126,57,140,-1,-1,-1,-1,205162,1716,691,914,2150,760,1119,125,93,99,101,109,93,119,67,111,90,103,70,200,200,735055182,1659,675,960,2194,737,1125,123,104,99,101,108,113,112,65,91,86,103,705582,138,7139,5202,1710,647,994,2200,675,1124,126,122,99,101,103,130,123,815602,179,7086,85,0,0,0,72,15222,1734,652,968,2209,655,1132,126,122,99,101,15622,193,7085,72,0,0,0,52,129,-1,-1,48,5242,1701,643,1051,2267,543,1145,1245642,150,7115,85,0,0,0,34,122,-1,-1,40,120,32,122,-5262,1762,653,1059,2278,451,1147,126,105,106,83,103,130,123,106,73,73,58,62,200,200,7350
5282,1689,665,1104,2301,443,1148,126,105,109,103,109,117,123,106,85,85,58,62,200,200,5702,5302,1738,717,1095,2258,433,1109,126,97,105,109,97,99,112,99,103,104,585722,154,7084,1125322,1663,836,1035,2230,405,1181,120,88,105,109,97,99,110,95742,190,7055,105,0,0,0,30,125342,1738,791,1080,2229,390,1122,100,86,116,96,5762,161,7072,117,0,0,0,18,136,-1,-1,32,5362,1704,789,1055,2215,453,1134,103,85,123,88,97,99,112,74,108,102,106,64,200,200,7350
5382,1681,797,960,2243,485,1184,121,87,109,89,111,80,118,74,115,82,106,64,200,200,7350
5402,1730,781,821,2273,572,1173,123,89,91,88,108,63,120,80,114,65,106,64,200,200,7350
5422,1728,714,813,2304,626,1165,116,76,103,80,108,63,117,76,114,65,90,81,200,25862,2275442,1739,707,833,2213,634,1224,119,74,110,65,110,61,110,64,114,65,75882,241,6984,125,5462,1765,606,833,2230,603,1313,123,82,109,63,106,69,113,68,112,67,62,72,200,200,7350
5482,1662,552,938,2294,651,1253,118,69,108,63,86,83,120,75,112,71,62,72,200,200,7350
5502,1510,498,1164,2312,586,1280,125,60,106,64,68,72,133,86,106,87,62,72,200,200,7350
5522,1473,501,1228,2328,647,1173,125,60,107,63,68,72,133,86,113,67,55,83,200,200,7350
5542,1474,463,1259,2364,653,1137,122,79,92,78,68,72,124,83,118,77,68,86,200,200,7350
5562,1488,463,1345,2360,550,1144,123,87,85,83,68,72,127,83,116,72,76,86,200,200,7350
5582,1446,472,1333,2350,576,1173,123,87,87,80,54,85,120,99,113,64,76,86,200,200,7350
5602,1382,422,1426,2376,620,1124,123,87,101,68,37,97,119,100,104,69,76,86,200,200,7350
5622,1303,437,1459,2358,639,1154,123,87,114,59,37,97,110,106,111,67,76,86,200,200,7350
5642,1368,295,1542,2328,667,1150,123,87,101,66,47,98,117,99,100,75,88,75,200,200,7350
5662,1411,251,1689,2246,645,1108,114,93,101,66,51,95,123,96,83,82,96,73,200,200,7350
5682,1320,233,1749,2265,595,1188,108,113,101,66,58,83,109,89,78,82,96,73,200,200,7350
5702,1351,204,1821,2332,515,1127,103,130,101,66,59,77,91,83,96,95,91,78,200,200,7350
5722,1423,150,1880,2261,512,1124,103,130,101,66,55,65,91,83,104,105,96,75,200,200,7350
5742,1469,141,1811,2316,453,1160,103,130,94,69,56,61,91,83,111,99,116,68,200,200,7350
5762,1471,134,1760,2378,502,1105,103,130,94,69,61,65,91,83,113,80,117,69,200,200,7350
5782,1539,94,1699,2379,559,1080,119,111,94,69,61,65,84,84,115,74,111,59,200,200,7350
5802,1630,71,1601,2322,666,1060,118,99,92,71,61,65,66,74,113,74,116,57,200,200,7350
5822,1657,83,1572,2359,572,1107,118,99,93,72,65,69,53,63,98,85,102,69,200,200,7350
5842,1661,90,1566,2384,527,1122,125,89,77,82,85,84,55,66,78,80,86,82,200,200,7350
5862,1731,98,1547,2332,520,1122,131,83,69,85,104,83,72,84,70,84,86,82,200,200,7350
5882,1796,73,1458,2383,502,1138,129,93,69,85,115,79,92,85,70,84,96,93,200,200,7350
5902,1788,73,1414,2455,471,1149,117,83,77,80,97,91,110,81,70,84,105,111,200,200,7350
5922,1773,98,1352,2450,529,1148,117,83,77,80,116,77,110,81,83,84,121,94,200,200,7350
5942,1858,69,1256,2496,482,1189,117,83,94,77,122,77,110,81,103,84,112,74,200,200,7350
5962,1896,28,1186,2473,582,1185,117,83,94,73,122,77,111,83,101,85,111,66,200,200,7350
5982,1857,16,1158,2524,556,1239,121,75,94,71,122,76,120,101,89,82,111,66,200,200,7350
6002,1903,17,1111,2456,546,1317,128,60,94,71,122,77,120,100,93,82,111,66,200,200,7350
6022,1954,16,1063,2472,577,1268,128,60,109,62,122,77,120,100,110,67,111,66,200,200,7350
6042,1965,25,1024,2461,567,1308,137,78,117,63,123,77,120,98,120,73,121,68,200,200,7350
6062,2068,15,997,2494,530,1246,137,78,122,67,123,77,120,90,120,73,129,63,200,200,7350
6082,2084,12,1033,2489,526,1206,122,98,130,86,104,87,120,90,116,91,128,63,200,200,7350
6102,2166,6,1017,2469,443,1249,124,111,124,93,102,90,120,78,107,106,110,81,200,200,7350
6122,2087,13,1120,2506,379,1245,124,111,124,93,83,90,120,78,106,107,96,93,200,200,7350
6142,2067,11,1168,2431,373,1300,111,120,108,76,63,88,129,84,105,108,86,94,200,200,7350
6162,2104,11,1201,2430,305,1299,105,128,107,73,55,89,127,83,104,108,88,91,200,200,7350
6182,2062,15,1280,2454,253,1286,105,128,123,89,55,89,110,70,104,110,108,75,200,200,7350
6202,2017,22,1244,2492,260,1315,106,115,125,91,55,89,109,69,105,111,120,71,200,200,7350
6222,2024,16,1202,2548,263,1297,107,111,117,98,53,75,126,83,111,104,120,71,200,200,7350
6242,2017,18,1240,2541,307,1227,122,93,107,102,50,61,123,79,118,97,111,80,200,200,7350
6262,2084,0,1288,2518,297,1163,127,85,116,95,50,61,115,71,123,89,108,92,200,200,7350
6282,2083,1355,2529,303,1080,0,127,85,-1,-1,54,71,120,69,123,89,123,108,200,200,7350
6302,2072,1360,2602,278,1038,0,137,79,-1,-1,53,89,125,77,117,97,132,120,200,200,7350
6322,2135,1375,2558,302,980,0,138,85,-1,-1,53,89,125,77,107,106,120,104,200,200,7350
6342,2052,1411,2582,323,982,0,122,104,-1,-1,56,88,107,83,122,87,117,84,200,200,7350
6362,2012,1440,2567,329,1002,0,122,112,-1,-1,64,89,109,78,119,79,115,76,200,200,7350
6382,2025,1408,2622,303,992,0,122,112,-1,-1,64,89,112,70,119,79,115,76,200,200,7350
6402,1975,1408,2583,339,1045,0,122,112,-1,-1,64,89,116,76,119,79,115,71,200,200,7350
6422,1948,1378,2694,298,1032,0,127,103,-1,-1,64,89,119,79,119,99,107,78,200,200,7350
6442,2007,1425,2611,294,1013,0,135,85,-1,-1,59,79,132,85,127,119,89,78,200,200,7350
6462,1979,1462,2626,296,987,0,135,85,-1,-1,60,79,132,82,131,126,89,78,200,200,7350
6482,2044,1497,2569,285,955,0,124,87,-1,-1,60,79,119,77,131,126,93,85,200,200,7350
6502,1943,1597,2590,289,931,0,107,83,-1,-1,45,96,123,85,125,120,111,98,200,200,7350
6522,2062,1505,2534,302,947,0,122,95,-1,-1,47,93,129,89,127,100,116,79,200,200,7350
6542,1997,1544,2589,285,935,0,126,115,-1,-1,67,83,119,99,119,80,108,59,200,200,7350
6562,1942,1507,2628,272,1001,0,126,122,-1,-1,86,86,111,104,115,72,108,59,200,200,7350
6582,1983,1467,2634,244,1022,0,126,122,-1,-1,106,106,123,92,115,72,108,59,200,200,7350
6602,2120,1356,2747,202,925,0,124,120,-1,-1,123,120,113,76,115,72,124,72,200,200,7350
6622,2202,1329,2745,180,894,0,124,120,-1,-1,123,120,113,76,112,79,124,72,200,200,7350
6642,2184,1364,2780,149,873,0,105,101,-1,-1,123,120,113,77,111,97,116,76,200,200,7350
6662,2151,1376,2818,137,868,0,108,104,-1,-1,123,120,121,82,101,110,108,83,200,200,7350
6682,2241,1269,2882,114,844,0,111,112,-1,-1,120,106,112,80,99,112,108,83,200,200,7350
6702,2241,1256,2829,108,916,0,114,104,-1,-1,121,88,98,92,99,112,94,81,200,200,7350
6722,2285,1221,2780,106,958,0,134,93,-1,-1,125,81,112,93,99,112,90,83,200,200,7350
6742,2264,1244,2812,101,929,0,139,93,-1,-1,108,100,125,90,99,112,70,84,200,200,7350
6762,2277,1261,2777,96,939,0,131,88,-1,-1,107,108,119,79,99,111,62,76,200,200,7350
6782,2296,1249,2748,99,958,0,111,82,-1,-1,107,109,119,75,99,112,62,76,200,200,7350
6802,2270,1314,2685,126,955,0,93,89,-1,-1,119,113,130,86,115,114,64,83,200,200,7350
6822,2325,1280,2687,155,903,0,106,109,-1,-1,118,125,130,86,115,114,64,83,200,200,7350
6842,2402,1177,2709,155,907,0,104,129,-1,-1,109,145,119,85,112,99,78,83,200,200,7350
6862,2520,1179,2639,132,880,0,96,130,-1,-1,107,150,111,83,106,96,86,83,200,200,7350
6882,2557,1159,2620,126,888,0,96,130,-1,-1,107,150,111,83,115,76,93,78,200,200,7350
6902,2573,1122,2698,129,828,0,96,130,-1,-1,107,137,93,83,120,64,111,63,200,200,7350
6922,2650,1062,2635,139,864,0,113,120,-1,-1,107,137,110,82,120,64,111,63,200,200,7350
6942,2642,977,2682,154,895,0,129,100,-1,-1,107,137,128,91,111,76,114,66,200,200,7350
6962,2710,847,2744,196,853,0,135,92,-1,-1,107,137,128,91,103,83,122,74,200,200,7350
6982,2764,785,2741,199,861,0,135,92,-1,-1,107,137,125,85,103,81,127,79,200,200,7350
7002,2885,706,2750,168,841,0,135,92,-1,-1,109,133,119,80,121,81,133,82,200,200,7350
7022,2910,685,2754,154,847,0,123,108,-1,-1,109,133,119,82,121,81,133,82,200,200,7350
7042,2960,663,2747,144,836,0,124,120,-1,-1,109,133,138,93,118,90,133,82,200,200,7350
7062,3001,624,2714,165,846,0,124,120,-1,-1,108,131,139,94,104,107,127,88,200,200,7350
7082,3132,512,2707,152,847,0,110,113,-1,-1,108,131,131,88,100,96,125,82,200,200,7350
7102,3078,553,2654,143,922,0,103,99,-1,-1,109,124,117,97,82,84,108,80,200,200,7350
7122,3046,516,2715,144,929,0,84,83,-1,-1,109,124,108,88,82,84,108,80,200,200,7350
7142,3199,438,2649,135,929,0,86,86,-1,-1,109,124,94,79,82,84,108,80,200,200,7350
7162,3170,457,2639,129,955,0,105,105,-1,-1,109,116,95,80,82,84,108,80,200,200,7350
7182,3141,487,2630,133,959,0,108,114,-1,-1,107,112,97,91,99,99,119,84,200,200,7350
7202,3175,461,2671,103,940,0,104,105,-1,-1,97,94,109,78,99,112,136,90,200,200,7350
7222,3114,446,2729,110,951,0,85,85,-1,-1,97,94,109,78,99,112,136,90,200,200,7350
7242,3148,426,2718,115,943,0,65,84,-1,-1,108,99,95,80,100,102,136,90,200,200,7350
7262,3120,493,2664,123,950,0,57,91,-1,-1,114,96,104,72,92,96,131,84,200,200,7350
7282,3174,430,2681,124,941,0,57,91,-1,-1,119,91,113,75,92,96,131,84,200,200,7350
7302,3141,415,2667,126,1001,0,57,91,-1,-1,101,87,107,80,92,96,131,84,200,200,7350
7322,3073,445,2703,136,993,0,66,84,-1,-1,101,87,107,80,75,84,117,69,200,200,7350
7342,3011,427,2771,141,1000,0,86,86,-1,-1,91,92,118,83,58,82,117,68,200,200,7350
7362,3043,394,2797,138,978,0,104,104,-1,-1,94,89,118,82,58,82,112,75,200,200,7350
7382,3041,453,2770,126,960,0,124,116,-1,-1,107,84,106,66,65,84,112,77,200,200,7350
7402,3023,495,2742,153,937,0,124,116,-1,-1,101,85,106,66,82,80,112,95,200,200,7350
7422,2988,486,2823,151,902,0,130,122,-1,-1,101,85,124,82,82,80,115,94,200,200,7350
7442,2963,480,2882,151,874,0,129,138,-1,-1,108,68,137,92,91,80,132,84,200,200,7350
7462,2968,478,2860,181,863,0,136,142,-1,-1,108,64,137,92,99,77,132,84,200,200,7350
7482,2937,450,2887,192,884,0,136,142,-1,-1,120,74,126,85,99,77,114,64,200,200,7350
7502,3005,448,2830,192,875,0,128,134,-1,-1,123,78,116,83,94,81,114,63,200,200,7350
7522,2978,421,2896,185,870,0,128,134,-1,-1,123,79,116,83,94,81,116,78,200,200,7350
7542,3053,409,2852,176,860,0,128,134,-1,-1,109,83,130,89,94,81,113,93,200,200,7350
7562,2991,395,2894,207,863,0,133,139,-1,-1,101,86,128,86,86,87,113,93,200,200,7350
7582,2996,412,2913,202,827,0,123,119,-1,-1,101,86,118,80,89,88,101,84,200,200,7350
7602,3083,358,2856,192,861,0,107,103,-1,-1,87,85,100,82,107,83,83,82,200,200,7350
7622,3050,441,2798,217,844,0,121,113,-1,-1,106,90,118,83,107,83,83,82,200,200,7350
7642,3070,397,2791,264,828,0,112,108,-1,-1,123,93,136,90,107,83,83,82,200,200,7350
7662,3004,387,2784,292,883,0,93,90,-1,-1,121,92,144,95,116,84,86,83,200,200,7350
7682,3087,411,2665,381,806,0,73,84,-1,-1,120,92,144,95,136,94,95,82,200,200,7350
7702,3135,420,2604,408,783,0,55,87,-1,-1,104,85,144,95,143,102,109,85,200,200,7350
7722,3202,428,2529,427,764,0,55,87,-1,-1,104,85,135,89,143,102,109,85,200,200,7350
7742,3224,439,2461,443,783,0,55,87,-1,-1,104,85,126,82,137,99,109,85,200,200,7350
7762,3299,431,2437,436,747,0,59,86,-1,-1,104,85,121,74,131,98,114,84,200,200,7350
7782,3323,394,2436,407,790,0,78,89,-1,-1,110,67,120,75,126,92,134,94,200,200,7350
7802,3198,383,2633,370,766,0,94,96,-1,-1,110,66,102,83,108,83,145,103,200,200,7350
7822,3094,423,2705,365,763,0,78,85,-1,-1,110,66,102,83,108,83,145,103,200,200,7350
7842,3149,439,2580,395,787,0,59,84,-1,-1,118,75,102,83,103,83,139,95,200,200,7350
7862,3166,424,2564,400,796,0,51,87,-1,-1,126,83,102,83,97,81,131,92,200,200,7350
7882,3169,343,2548,479,811,0,51,87,-1,-1,117,73,119,96,77,82,143,99,200,200,7350
7902,3090,336,2623,501,800,0,51,87,-1,-1,118,61,137,91,59,89,147,103,200,200,7350
7922,3166,330,2616,486,752,0,42,93,-1,-1,116,66,137,91,59,89,131,93,200,200,7350
7942,3176,320,2592,502,760,0,35,98,-1,-1,108,86,137,91,59,89,115,98,200,200,7350
7962,3327,283,2512,442,786,0,39,96,-1,-1,108,86,133,85,58,89,115,98,200,200,7350
7982,3349,256,2504,458,783,0,39,96,-1,-1,95,88,134,86,68,87,104,88,200,200,7350
8002,3512,153,2538,395,752,0,39,96,-1,-1,78,82,142,99,87,87,87,86,200,200,7350
8022,3635,202,2428,313,772,0,39,96,-1,-1,97,84,130,86,103,100,87,86,200,200,7350
8042,3601,208,2447,322,772,0,39,96,-1,-1,97,84,115,66,123,90,90,82,200,200,7350
8062,3568,245,2416,375,746,0,37,98,-1,-1,108,79,116,65,131,94,95,83,200,200,7350
8082,3500,267,2413,419,751,0,57,82,-1,-1,114,62,114,69,131,94,85,89,200,200,7350
8102,3454,260,2437,458,741,0,72,83,-1,-1,114,62,96,79,131,94,70,82,200,200,7350
8122,3479,244,2464,423,740,0,52,93,-1,-1,96,79,96,79,115,81,70,82,200,200,7350
8142,3584,192,2389,441,744,0,43,98,-1,-1,76,82,105,70,95,79,74,84,200,200,7350
8162,3603,196,2387,471,693,0,43,98,-1,-1,68,86,113,72,87,81,82,77,200,200,7350
8182,3632,187,2423,419,689,0,47,92,-1,-1,68,86,114,64,91,87,82,77,200,200,7350
8202,3698,187,2412,373,680,0,64,83,-1,-1,68,86,113,63,109,100,82,77,200,200,7350
8222,3774,173,2428,312,663,0,47,97,-1,-1,68,86,113,63,99,101,82,77,200,200,7350
8242,3801,170,2409,292,678,0,45,96,-1,-1,77,83,104,71,99,101,82,77,200,200,7350
8262,3775,240,2444,259,632,0,41,98,-1,-1,85,88,96,79,99,101,89,78,200,200,7350
8282,3835,200,2432,231,652,0,33,105,-1,-1,85,88,94,82,99,101,105,81,200,200,7350
8302,3883,198,2363,221,685,0,47,95,-1,-1,91,84,90,91,99,101,105,81,200,200,7350
8322,3959,174,2312,200,705,0,48,91,-1,-1,94,83,85,86,99,101,113,82,200,200,7350
8342,3948,153,2334,194,721,0,68,86,-1,-1,106,88,82,84,99,101,124,91,200,200,7350
8362,3925,147,2343,187,748,0,66,86,-1,-1,101,85,79,83,99,101,123,83,200,200,7350
8382,3906,145,2277,211,811,0,49,97,-1,-1,96,90,94,91,108,99,123,83,200,200,7350
8402,3889,130,2267,250,814,0,35,104,-1,-1,100,86,110,98,126,84,106,83,200,200,7350
8422,3879,132,2264,272,803,0,35,104,-1,-1,105,102,119,96,126,84,106,83,200,200,7350
8442,3833,143,2296,268,810,0,35,104,-1,-1,100,97,116,80,128,90,99,83,200,200,7350
8462,3898,130,2303,283,736,0,43,96,-1,-1,92,93,115,74,120,84,96,79,200,200,7350
8482,3893,139,2302,313,703,0,43,96,-1,-1,88,83,118,74,100,79,109,60,200,200,7350
8502,3896,110,2292,351,701,0,43,96,-1,-1,98,73,101,82,97,75,109,60,200,200,7350
8522,3778,125,2288,401,758,0,43,96,-1,-1,98,73,101,82,95,76,119,75,200,200,7350
8542,3786,116,2262,387,799,0,32,110,-1,-1,114,80,84,84,86,79,124,95,200,200,7350
8562,3956,131,2149,332,782,0,32,107,-1,-1,122,86,77,79,85,81,112,97,200,200,7350
8582,3940,134,2191,285,800,0,52,88,-1,-1,122,86,69,82,87,83,92,92,200,200,7350
8602,3995,126,2223,234,772,0,70,82,-1,-1,116,81,55,72,97,100,79,81,200,200,7350
8622,4071,98,2200,187,794,0,50,93,-1,-1,116,81,55,75,97,100,79,81,200,200,7350
8642,4062,116,2181,178,813,0,35,108,-1,-1,100,80,75,85,99,107,77,81,200,200,7350
8662,4062,115,2213,160,800,0,35,108,-1,-1,92,80,83,84,98,107,69,85,200,200,7350
8682,4088,97,2198,157,810,0,34,102,-1,-1,92,80,83,84,98,107,66,82,200,200,7350
8702,4081,106,2179,151,833,0,35,96,-1,-1,87,83,85,81,99,108,48,68,200,200,7350
8722,4102,78,2169,144,857,0,38,96,-1,-1,88,84,66,74,90,92,48,68,200,200,7350
8742,4101,84,2126,167,872,0,35,107,-1,-1,108,104,48,68,70,84,64,83,200,200,7350
8762,4053,80,2170,169,878,0,42,98,-1,-1,116,109,48,68,63,76,72,86,200,200,7350
8782,4087,67,2120,139,937,0,36,104,-1,-1,116,109,51,67,63,76,72,86,200,200,7350
8802,4113,49,2130,171,887,0,35,108,-1,-1,111,108,53,65,63,76,78,84,200,200,7350
8822,4111,59,2155,168,857,0,35,108,-1,-1,111,108,53,65,63,76,78,84,200,200,7350
8842,4094,56,2139,190,871,0,35,108,-1,-1,111,108,53,65,80,83,78,84,200,200,7350
8862,4149,53,2075,194,879,0,35,108,-1,-1,104,103,53,65,88,88,70,84,200,200,7350
8882,4149,51,2079,162,909,0,35,108,-1,-1,95,91,64,76,70,83,51,92,200,200,7350
8902,4135,41,2134,135,905,0,34,102,-1,-1,76,72,82,86,52,95,44,92,200,200,7350
8922,4164,37,2111,153,885,0,34,102,-1,-1,75,70,82,86,52,95,44,92,200,200,7350
8942,4163,33,2099,139,916,0,34,102,-1,-1,75,70,87,81,52,95,58,86,200,200,7350
8962,4122,31,2147,211,839,0,34,102,-1,-1,75,70,95,80,52,95,66,83,200,200,7350
8982,4120,29,2160,213,828,0,34,102,-1,-1,75,70,95,80,43,103,66,83,200,200,7350
9002,4114,28,2151,206,851,0,35,113,-1,-1,75,70,102,73,39,119,66,83,200,200,7350
9022,4131,32,2167,193,827,0,35,113,-1,-1,93,89,102,73,44,101,66,83,200,200,7350
9042,4142,40,2132,220,816,0,35,113,-1,-1,112,99,112,81,60,87,75,81,200,200,7350
9062,4098,40,2150,227,835,0,35,113,-1,-1,120,99,115,80,68,86,83,83,200,200,7350
9082,4112,51,2151,215,821,0,35,112,-1,-1,120,99,128,83,68,86,88,80,200,200,7350
9102,4113,56,2149,219,813,0,43,100,-1,-1,120,98,133,85,68,86,106,66,200,200,7350
9122,4076,59,2176,255,784,0,43,100,-1,-1,104,85,126,92,68,86,106,66,200,200,7350
9142,4081,75,2212,190,792,0,57,86,-1,-1,103,85,106,97,68,86,110,70,200,200,7350
9162,3986,88,2210,221,845,0,54,89,-1,-1,99,87,98,94,68,86,118,78,200,200,7350
9182,3996,70,2169,247,868,0,34,109,-1,-1,110,75,97,93,68,86,118,78,200,200,7350
9202,3959,84,2170,259,878,0,39,126,-1,-1,125,58,83,83,85,87,118,78,200,200,7350
9222,4044,94,2086,255,871,0,31,107,-1,-1,125,58,88,86,99,85,112,83,200,200,7350
9242,4082,87,2105,269,807,0,38,95,-1,-1,125,58,104,82,106,85,92,86,200,200,7350
9262,4056,101,2109,264,820,0,38,95,-1,-1,120,65,110,83,114,81,84,85,200,200,7350
9282,4086,101,2096,258,809,0,47,97,-1,-1,114,73,130,87,114,81,84,85,200,200,7350
9302,4001,90,2154,302,803,0,59,85,-1,-1,96,82,136,93,97,88,84,85,200,200,7350
9322,3994,91,2210,287,768,0,79,83,-1,-1,96,82,136,94,109,70,79,79,200,200,7350
9342,3971,116,2228,253,782,0,97,93,-1,-1,96,82,116,99,109,65,59,64,200,200,7350
9362,4043,124,2216,200,767,0,103,111,-1,-1,107,78,113,98,102,73,56,63,200,200,7350
9382,4028,151,2216,177,778,0,107,119,-1,-1,113,75,128,87,112,93,54,61,200,200,7350
9402,4049,159,2239,123,780,0,117,133,-1,-1,101,83,128,85,100,110,57,77,200,200,7350
9422,4056,182,2300,106,706,0,117,133,-1,-1,95,86,128,85,99,112,57,77,200,200,7350
9442,4072,175,2285,108,710,0,117,133,-1,-1,75,83,128,85,99,112,57,77,200,200,7350
9462,4116,165,2237,108,724,0,113,132,-1,-1,67,86,121,84,103,103,49,68,200,200,7350
9482,4127,152,2227,133,711,0,113,132,-1,-1,67,86,101,86,83,87,53,67,200,200,7350
9502,4154,143,2250,119,684,0,113,132,-1,-1,71,82,98,86,66,85,61,83,200,200,7350
9522,4128,155,2288,122,657,0,113,132,-1,-1,77,81,96,83,66,85,61,83,200,200,7350
9542,4155,144,2257,116,678,0,113,132,-1,-1,97,81,88,81,66,85,61,83,200,200,7350
9562,4162,185,2277,124,602,0,104,131,-1,-1,105,81,95,76,71,86,55,90,200,200,7350
9582,4108,211,2298,136,597,0,84,131,-1,-1,105,81,95,76,91,88,72,84,200,200,7350
9602,4129,227,2294,135,565,0,66,133,-1,-1,105,81,111,69,91,88,89,80,200,200,7350
9622,4224,214,2237,131,544,0,86,129,-1,-1,113,83,111,69,105,84,89,80,200,200,7350
9642,4216,262,2180,130,562,0,106,127,-1,-1,133,90,123,87,125,88,92,76,200,200,7350
9662,4182,243,2264,139,522,0,109,131,-1,-1,141,96,120,95,126,89,87,79,200,200,7350
9682,4235,229,2217,147,522,0,125,143,-1,-1,141,96,121,94,123,87,67,87,200,200,7350
9702,4219,218,2221,152,540,0,112,132,-1,-1,131,88,139,89,105,85,50,90,200,200,7350
9722,4190,208,2258,158,536,0,112,132,-1,-1,131,88,139,89,105,85,50,90,200,200,7350
9742,4244,182,2234,138,552,0,108,127,-1,-1,127,87,139,92,93,85,50,90,200,200,7350
9762,4139,179,2337,150,545,0,109,129,-1,-1,124,95,137,92,85,85,50,90,200,200,7350
9782,4212,215,2279,123,521,0,129,141,-1,-1,124,95,133,95,85,85,68,84,200,200,7350
9802,4208,216,2281,134,511,0,137,142,-1,-1,124,95,115,112,89,89,86,84,200,200,7350
9822,4172,250,2243,171,514,0,137,142,-1,-1,112,78,115,112,89,89,86,84,200,200,7350
9842,4153,252,2246,167,532,0,129,131,-1,-1,108,67,123,104,76,82,86,84,200,200,7350
9862,4121,230,2296,174,529,0,124,113,-1,-1,108,67,123,96,68,86,88,87,200,200,7350
9882,4036,200,2419,169,526,0,111,99,-1,-1,128,84,125,87,68,86,104,83,200,200,7350
9902,4106,135,2391,175,543,0,92,92,-1,-1,144,98,116,69,82,78,122,83,200,200,7350
9922,4188,142,2298,178,544,0,72,76,-1,-1,144,98,116,69,82,78,122,83,200,200,7350
9942,4178,160,2274,158,580,0,52,87,-1,-1,139,95,115,77,82,78,122,83,200,200,7350
9962,4178,190,2255,169,558,0,44,91,-1,-1,131,91,120,85,77,82,118,80,200,200,7350
9982,4176,192,2273,141,568,0,44,91,-1,-1,128,88,120,85,58,90,118,80,200,200,7350
10002,4236,195,2225,147,547,0,44,91,-1,-1,120,85,130,84,40,94,102,83,200,200,7350
10022,4234,202,2226,152,536,0,35,100,-1,-1,120,85,119,81,40,94,102,83,200,200,7350
10042,4277,179,2211,142,541,0,31,106,-1,-1,120,85,99,81,40,94,106,77,200,200,7350
10062,4295,157,2216,141,541,0,35,104,-1,-1,120,85,91,81,38,93,114,69,200,200,7350
10082,4295,194,2199,133,529,0,34,102,-1,-1,115,82,91,81,56,82,114,81,200,200,7350
10102,4298,170,2196,155,531,0,49,101,-1,-1,96,83,95,83,72,85,109,99,200,200,7350
10122,4368,125,2185,137,535,0,49,101,-1,-1,89,93,95,83,72,85,109,99,200,200,7350
10142,4406,80,2189,151,524,0,44,94,-1,-1,79,76,110,94,72,85,109,99,200,200,7350
10162,4421,57,2183,145,544,0,37,95,-1,-1,76,72,118,99,72,85,111,96,200,200,7350
10182,4491,41,2141,129,548,0,33,105,-1,-1,75,71,116,96,75,83,111,96,200,200,7350
10202,4485,35,2178,127,525,0,35,119,-1,-1,75,70,98,81,92,80,127,92,200,200,7350
10222,4496,33,2135,138,548,0,35,104,-1,-1,75,70,98,81,92,80,127,92,200,200,7350
10242,4466,30,2170,147,537,0,39,94,-1,-1,75,70,98,81,95,90,118,86,200,200,7350
10262,4514,28,2152,131,525,0,35,95,-1,-1,75,70,98,81,102,95,111,83,200,200,7350
10282,4507,27,2164,127,525,0,37,96,-1,-1,75,70,104,83,102,95,111,83,200,200,7350
10302,4531,30,2130,123,536,0,48,94,-1,-1,81,77,120,80,102,84,123,84,200,200,7350
10322,4502,33,2135,133,547,0,39,96,-1,-1,82,77,120,80,109,94,117,81,200,200,7350
10342,4505,46,2149,111,539,0,42,95,-1,-1,102,70,123,95,101,111,97,85,200,200,7350
10362,4555,44,2074,121,556,0,50,95,-1,-1,110,62,119,100,102,110,91,81,200,200,7350
10382,4517,57,2140,110,526,0,36,98,-1,-1,110,62,109,93,100,111,90,81,200,200,7350
10402,4516,71,2141,95,527,0,34,98,-1,-1,100,71,93,92,99,111,91,87,200,200,7350
10422,4487,86,2137,98,542,0,53,86,-1,-1,100,71,93,92,99,112,91,87,200,200,7350
10442,4428,84,2201,95,542,0,72,85,-1,-1,100,71,104,99,99,111,91,87,200,200,7350
10462,4392,88,2218,123,529,0,91,91,-1,-1,100,71,111,95,107,103,91,87,200,200,7350
10482,4367,102,2236,107,538,0,111,109,-1,-1,109,65,111,95,112,83,83,84,200,200,7350
10502,4331,122,2251,113,533,0,129,125,-1,-1,98,78,102,82,115,73,65,84,200,200,7350
10522,4299,133,2262,126,530,0,109,122,-1,-1,98,78,94,86,115,73,65,84,200,200,7350
10542,4326,140,2225,112,547,0,93,127,-1,-1,108,88,86,83,121,81,74,86,200,200,7350
10562,4356,144,2229,117,504,0,88,129,-1,-1,116,96,86,81,123,89,82,85,200,200,7350
10582,4312,171,2224,118,525,0,88,129,-1,-1,120,91,86,81,123,89,82,85,200,200,7350
10602,4284,188,2243,115,520,0,83,130,-1,-1,112,73,100,83,118,86,82,85,200,200,7350
10622,4239,205,2257,114,535,0,83,130,-1,-1,112,73,100,83,110,83,82,85,200,200,7350
10642,4249,220,2244,115,522,0,64,135,-1,-1,109,78,100,83,90,85,68,82,200,200,7350
10662,4280,226,2213,121,510,0,45,136,-1,-1,96,83,94,80,89,85,61,75,200,200,7350
10682,4399,158,2160,120,513,0,37,123,-1,-1,76,81,74,74,91,79,67,79,200,200,7350
10702,4391,141,2145,136,537,0,36,105,-1,-1,58,82,56,62,94,83,85,89,200,200,7350
10722,4381,131,2165,127,546,0,36,105,-1,-1,58,82,56,62,94,83,85,89,200,200,7350
10742,4383,126,2152,117,572,0,36,105,-1,-1,58,82,56,62,106,69,85,89,200,200,7350
10762,4401,84,2122,141,602,0,35,110,-1,-1,66,80,58,64,111,67,85,89,200,200,7350
10782,4343,119,2146,156,586,0,41,130,-1,-1,86,84,58,64,112,82,85,89,200,200,7350
10802,4439,126,2060,160,565,0,57,132,-1,-1,104,84,58,64,110,100,99,95,200,200,7350
10822,4453,143,2058,139,557,0,37,127,-1,-1,104,84,69,73,110,100,99,95,200,200,7350
10842,4467,156,2036,140,551,0,40,107,-1,-1,104,84,89,81,110,100,99,95,200,200,7350
10862,4424,158,2127,117,524,0,46,100,-1,-1,104,84,94,81,100,111,99,95,200,200,7350
10882,4437,155,2124,103,531,0,46,100,-1,-1,111,91,94,81,99,112,113,80,200,200,7350
10902,4414,166,2110,100,560,0,46,100,-1,-1,129,86,110,82,99,112,131,86,200,200,7350
10922,4416,161,2137,102,534,0,45,94,-1,-1,129,86,110,82,99,112,131,86,200,200,7350
10942,4410,171,2100,128,541,0,39,107,-1,-1,125,91,106,83,118,96,131,86,200,200,7350
10962,4402,174,2103,127,544,0,39,115,-1,-1,125,93,99,89,124,88,140,94,200,200,7350
10982,4434,149,2106,127,534,0,32,108,-1,-1,105,83,103,84,124,88,131,96,200,200,7350
11002,4430,158,2074,141,547,0,40,90,-1,-1,87,90,116,75,122,103,123,104,200,200,7350
11022,4427,130,2082,151,560,0,40,90,-1,-1,87,90,117,81,122,101,110,108,200,200,7350
11042,4490,121,2023,164,552,0,32,106,-1,-1,87,90,132,91,117,98,107,108,200,200,7350
11062,4467,116,2052,176,539,0,31,114,-1,-1,87,90,139,96,110,90,115,102,200,200,7350
11082,4514,115,2002,177,542,0,31,114,-1,-1,81,85,136,93,110,90,115,102,200,200,7350
11102,4518,68,2039,179,546,0,31,114,-1,-1,74,74,125,91,110,90,115,102,200,200,7350
11122,4529,63,2038,178,542,0,31,114,-1,-1,74,73,125,91,110,90,97,89,200,200,7350
11142,4546,63,2040,165,536,0,31,114,-1,-1,74,73,122,99,101,109,77,80,200,200,7350
11162,4520,61,2026,185,558,0,33,110,-1,-1,74,73,120,96,114,95,69,85,200,200,7350
11182,4559,53,2015,181,542,0,35,116,-1,-1,56,78,120,89,119,98,69,85,200,200,7350
11202,4538,62,2021,165,564,0,41,131,-1,-1,56,78,104,85,114,94,69,85,200,200,7350
11222,4637,48,1961,170,534,0,35,111,-1,-1,60,76,104,85,114,94,62,82,200,200,7350
11242,4681,42,1972,140,515,0,37,95,-1,-1,74,72,115,79,114,94,55,78,200,200,7350
11262,4641,35,1989,148,537,0,37,95,-1,-1,74,71,122,83,114,94,60,84,200,200,7350
11282,4608,38,2040,131,533,0,43,96,-1,-1,74,71,136,87,101,110,60,84,200,200,7350
11302,4594,49,2032,127,548,0,53,102,-1,-1,87,88,136,88,100,112,60,84,200,200,7350
11322,4543,56,2086,124,541,0,56,91,-1,-1,87,88,133,88,100,111,60,84,200,200,7350
11342,4479,54,2145,116,556,0,76,84,-1,-1,99,88,113,80,99,111,60,84,200,200,7350
11362,4411,73,2212,116,538,0,74,84,-1,-1,107,86,105,83,99,112,71,85,200,200,7350
11382,4442,80,2181,107,540,0,54,87,-1,-1,107,86,105,83,99,112,90,95,200,200,7350
11402,4492,72,2144,103,539,0,45,88,-1,-1,112,92,96,91,99,112,107,107,200,200,7350
11422,4494,88,2131,105,532,0,41,98,-1,-1,110,90,96,91,99,112,107,107,200,200,7350
11442,4503,84,2111,110,542,0,34,106,-1,-1,90,84,96,91,100,102,107,107,200,200,7350
11462,4512,79,2102,118,539,0,36,99,-1,-1,82,82,96,81,92,96,105,105,200,200,7350
11482,4508,45,2133,121,543,0,56,82,-1,-1,75,71,105,81,92,96,105,105,200,200,7350
11502,4405,38,2243,130,534,0,73,86,-1,-1,75,71,112,81,92,95,105,105,200,200,7350
11522,4439,36,2189,131,555,0,55,90,-1,-1,75,71,128,85,96,77,110,91,200,200,7350
11542,4468,31,2179,133,539,0,35,102,-1,-1,75,70,126,82,96,79,113,74,200,200,7350
11562,4521,30,2147,116,536,0,34,103,-1,-1,75,70,118,74,96,83,113,74,200,200,7350
11582,4546,28,2126,117,533,0,34,103,-1,-1,75,70,120,62,116,99,119,79,200,200,7350
11602,4505,27,2130,126,562,0,35,101,-1,-1,75,70,114,69,120,100,123,97,200,200,7350
11622,4520,33,2069,141,587,0,31,102,-1,-1,83,79,114,69,112,92,123,97,200,200,7350
11642,4505,46,2086,132,581,0,47,90,-1,-1,84,92,120,76,92,91,123,97,200,200,7350
11662,4507,47,2085,137,574,0,44,90,-1,-1,88,95,124,84,84,83,116,96,200,200,7350
11682,4469,46,2117,143,575,0,41,94,-1,-1,105,108,109,83,84,83,116,96,200,200,7350
11702,4503,50,2098,132,567,0,28,101,-1,-1,105,110,104,85,84,83,116,96,200,200,7350
11722,4498,53,2129,142,528,0,31,111,-1,-1,97,99,92,90,91,76,122,96,200,200,7350
11742,4495,58,2129,141,527,0,39,131,-1,-1,78,84,89,85,109,68,131,94,200,200,7350
11762,4585,57,2034,156,518,0,57,134,-1,-1,70,82,92,79,109,68,127,91,200,200,7350
11782,4664,48,2017,132,489,0,77,134,-1,-1,70,82,111,72,111,60,108,83,200,200,7350
11802,4704,57,1956,129,504,0,95,132,-1,-1,70,82,113,75,119,73,90,89,200,200,7350
11822,4643,54,2018,127,508,0,95,132,-1,-1,80,81,106,80,119,73,90,89,200,200,7350
11842,4536,57,2095,134,528,0,95,132,-1,-1,88,81,94,77,107,87,90,89,200,200,7350
11862,4499,70,2127,131,523,0,95,132,-1,-1,88,80,96,85,112,95,90,89,200,200,7350
11882,4478,74,2146,118,534,0,93,132,-1,-1,106,85,97,86,112,95,94,88,200,200,7350
11902,4465,93,2145,136,511,0,74,130,-1,-1,124,83,115,68,109,102,112,80,200,200,7350
11922,4502,98,2106,121,523,0,54,134,-1,-1,124,83,115,68,111,105,112,80,200,200,7350
11942,4492,107,2041,149,561,0,38,125,-1,-1,124,82,127,83,123,123,129,90,200,200,7350
11962,4532,106,2040,157,515,0,39,107,-1,-1,118,79,123,87,119,131,131,92,200,200,7350
11982,4529,106,2002,191,522,0,55,100,-1,-1,118,79,121,103,119,131,113,82,200,200,7350
12002,4483,104,2035,204,524,0,55,100,-1,-1,118,79,121,103,119,116,95,92,200,200,7350
12022,4486,116,2006,208,534,0,59,88,-1,-1,118,79,105,115,119,116,95,92,200,200,7350
12042,4391,112,2073,215,559,0,79,83,-1,-1,134,88,104,115,119,116,95,92,200,200,7350
12062,4322,127,2096,215,590,0,97,97,-1,-1,138,92,104,110,121,113,95,92,200,200,7350
12082,4297,158,2120,186,589,0,117,113,-1,-1,124,105,104,110,122,101,86,90,200,200,7350
12102,4273,175,2134,199,569,0,130,131,-1,-1,123,110,104,110,123,111,68,85,200,200,7350
12122,4220,166,2157,225,582,0,118,115,-1,-1,109,99,116,99,116,115,68,85,200,200,7350
12142,4252,195,2185,132,586,0,105,113,-1,-1,89,89,126,88,104,104,68,85,200,200,7350
12162,4224,186,2205,146,589,0,96,94,-1,-1,73,82,121,85,99,98,73,85,200,200,7350
12182,4246,148,2255,126,575,0,76,83,-1,-1,56,78,116,68,104,106,74,84,200,200,7350
12202,4284,139,2264,114,549,0,58,85,-1,-1,56,78,116,68,99,112,92,82,200,200,7350
12222,4342,121,2224,104,559,0,47,95,-1,-1,65,78,113,78,99,112,92,82,200,200,7350
12242,4378,89,2221,99,563,0,40,97,-1,-1,75,74,93,88,99,112,99,83,200,200,7350
12262,4420,50,2231,100,549,0,42,97,-1,-1,75,72,85,82,99,112,107,83,200,200,7350
12282,4462,39,2176,114,559,0,45,90,-1,-1,75,71,85,82,107,103,107,83,200,200,7350
12302,4459,38,2176,124,553,0,63,90,-1,-1,75,71,88,92,107,85,108,88,200,200,7350
12322,4469,36,2173,118,554,0,63,90,-1,-1,75,70,94,91,107,85,108,88,200,200,7350
12342,4457,35,2175,137,546,0,48,90,-1,-1,75,70,92,89,107,85,115,70,200,200,7350
12362,4477,33,2152,142,546,0,41,91,-1,-1,75,70,95,88,103,87,116,67,200,200,7350
12382,4516,31,2124,133,546,0,48,88,-1,-1,75,70,96,92,103,84,125,81,200,200,7350
12402,4437,29,2189,139,556,0,67,83,-1,-1,75,70,106,101,118,66,124,91,200,200,7350
12422,4379,29,2228,147,567,0,87,87,-1,-1,75,70,109,86,118,66,122,86,200,200,7350
12442,4374,42,2208,155,571,0,107,107,-1,-1,93,89,112,80,102,81,113,66,200,200,7350
12462,4394,43,2228,127,558,0,104,104,-1,-1,101,97,112,80,94,85,113,66,200,200,7350
12482,4336,47,2283,148,536,0,84,90,-1,-1,101,97,115,72,94,85,106,67,200,200,7350
12502,4302,44,2269,169,566,0,65,82,-1,-1,109,98,118,68,94,85,97,76,200,200,7350
12522,4376,60,2214,149,551,0,51,90,-1,-1,109,98,112,81,90,87,106,85,200,200,7350
12542,4384,59,2206,144,557,0,41,98,-1,-1,99,93,120,92,84,80,115,93,200,200,7350
12562,4432,46,2169,145,558,0,35,106,-1,-1,91,86,115,98,92,78,113,91,200,200,7350
12582,4404,66,2164,153,563,0,36,117,-1,-1,96,84,105,89,110,96,111,86,200,200,7350
12602,4483,48,2175,120,524,0,44,134,-1,-1,114,80,95,84,101,110,118,79,200,200,7350
12622,4566,77,2078,130,499,0,36,116,-1,-1,114,80,104,81,90,90,124,93,200,200,7350
12642,4520,84,2100,145,501,0,40,98,-1,-1,119,79,112,79,70,82,124,113,200,200,7350
12662,4510,87,2101,143,509,0,41,97,-1,-1,122,85,114,79,62,83,128,121,200,200,7350
12682,4484,85,2123,138,520,0,41,97,-1,-1,136,89,109,88,62,83,128,121,200,200,7350
12702,4468,102,2098,149,533,0,31,111,-1,-1,132,90,108,98,62,83,120,112,200,200,7350
12722,4444,79,2154,144,529,0,31,111,-1,-1,117,83,108,86,68,84,120,112,200,200,7350
12742,4480,82,2104,140,544,0,31,111,-1,-1,116,82,114,75,88,92,119,115,200,200,7350
12762,4474,97,2098,132,549,0,31,111,-1,-1,110,80,115,75,107,104,111,118,200,200,7350
12782,4494,90,2063,130,573,0,31,111,-1,-1,110,80,123,87,127,92,111,118,200,200,7350
12802,4459,104,2036,153,598,0,30,102,-1,-1,107,87,122,92,131,88,107,108,200,200,7350
12822,4436,109,2062,149,594,0,38,96,-1,-1,107,87,125,92,131,88,100,100,200,200,7350
12842,4426,113,2084,159,568,0,48,95,-1,-1,109,79,135,93,118,82,80,86,200,200,7350
12862,4423,105,2101,169,552,0,46,95,-1,-1,112,71,131,92,119,83,72,83,200,200,7350
12882,4486,91,2041,160,572,0,36,101,-1,-1,103,80,111,80,118,83,72,83,200,200,7350
12902,4469,93,2064,145,579,0,38,100,-1,-1,93,79,93,87,100,86,72,83,200,200,7350
12922,4482,104,2033,157,574,0,30,104,-1,-1,88,80,93,87,100,86,66,85,200,200,7350
12942,4506,66,2055,161,562,0,33,97,-1,-1,77,73,93,87,105,89,57,81,200,200,7350
12962,4489,45,2069,171,576,0,32,102,-1,-1,75,72,95,95,113,97,60,83,200,200,7350
12982,4485,37,2099,169,560,0,32,102,-1,-1,75,70,114,97,121,89,60,83,200,200,7350
13002,4469,35,2103,173,570,0,32,102,-1,-1,75,70,114,97,122,71,60,83,200,200,7350
13022,4505,31,2079,160,575,0,32,102,-1,-1,75,70,124,84,122,71,74,82,200,200,7350
13042,4480,31,2105,177,557,0,32,102,-1,-1,75,70,113,83,119,73,94,94,200,200,7350
13062,4525,35,2050,176,564,0,43,92,-1,-1,66,74,105,83,111,80,102,102,200,200,7350
13082,4419,39,2149,172,571,0,63,81,-1,-1,46,66,105,83,111,80,102,102,200,200,7350
13102,4370,49,2177,177,577,0,80,86,-1,-1,44,66,105,83,111,80,103,101,200,200,7350
13122,4348,54,2196,187,565,0,61,84,-1,-1,50,70,105,83,111,80,103,101,200,200,7350
13142,4364,46,2202,176,562,0,50,91,-1,-1,70,85,125,93,111,95,101,87,200,200,7350
13162,4360,54,2186,193,557,0,50,91,-1,-1,78,84,125,93,100,96,105,83,200,200,7350
13182,4416,62,2168,145,559,0,56,104,-1,-1,78,84,107,83,86,92,88,88,200,200,7350
13202,4406,79,2166,135,564,0,53,96,-1,-1,78,84,89,88,86,92,70,82,200,200,7350
13222,4419,75,2168,133,555,0,53,96,-1,-1,78,84,89,88,103,106,70,82,200,200,7350
13242,4472,78,2089,120,591,0,53,96,-1,-1,94,78,86,86,99,110,70,82,200,200,7350
13262,4431,89,2118,126,586,0,53,96,-1,-1,102,71,85,85,99,109,67,84,200,200,7350
13282,4448,107,2063,142,590,0,53,96,-1,-1,102,71,65,75,115,96,53,86,200,200,7350
13302,4441,109,2062,169,569,0,53,96,-1,-1,93,78,56,77,131,89,55,81,200,200,7350
13322,4374,115,2103,176,582,0,66,89,-1,-1,93,78,56,77,131,89,55,81,200,200,7350
13342,4285,139,2120,194,612,0,86,94,-1,-1,93,78,74,84,127,91,39,97,200,200,7350
13362,4263,142,2195,163,587,0,105,105,-1,-1,83,81,82,81,121,85,33,103,200,200,7350
13382,4298,122,2170,146,614,0,109,125,-1,-1,63,71,82,81,113,70,42,93,200,200,7350
13402,4315,114,2196,132,593,0,123,143,-1,-1,55,65,82,81,113,70,58,79,200,200,7350
13422,4322,128,2149,131,620,0,123,143,-1,-1,55,65,70,82,113,70,58,79,200,200,7350
13442,4347,120,2173,126,584,0,123,143,-1,-1,60,76,56,70,113,70,58,79,200,200,7350
13462,4345,124,2199,121,561,0,130,143,-1,-1,56,84,56,70,107,76,58,79,200,200,7350
13482,4303,127,2231,139,550,0,127,140,-1,-1,68,75,75,85,107,76,58,79,200,200,7350
13502,4299,94,2284,128,545,0,109,133,-1,-1,77,74,92,85,107,76,69,85,200,200,7350
13522,4309,88,2290,137,526,0,109,133,-1,-1,78,74,92,85,107,76,69,85,200,200,7350
13542,4365,82,2258,128,517,0,108,132,-1,-1,78,73,88,87,116,66,83,79,200,200,7350
13562,4326,83,2293,129,519,0,100,131,-1,-1,78,73,84,85,116,66,91,79,200,200,7350
13582,4288,99,2334,109,520,0,100,131,-1,-1,94,77,88,79,116,66,96,86,200,200,7350
13602,4245,133,2312,128,532,0,100,131,-1,-1,112,65,100,83,116,66,108,104,200,200,7350
13622,4229,136,2351,120,514,0,100,131,-1,-1,112,65,100,83,116,66,108,104,200,200,7350
13642,4198,147,2340,141,524,0,100,131,-1,-1,112,65,103,83,100,83,108,104,200,200,7350
13662,4142,163,2385,137,523,0,107,131,-1,-1,120,72,111,91,92,84,108,104,200,200,7350
13682,4127,139,2458,118,508,0,107,131,-1,-1,120,72,119,88,92,84,115,96,200,200,7350
13702,4106,144,2461,135,504,0,103,129,-1,-1,109,82,131,90,92,84,133,91,200,200,7350
13722,4097,158,2433,129,533,0,103,129,-1,-1,112,76,131,85,92,84,133,91,200,200,7350
13742,4068,177,2474,125,506,0,103,129,-1,-1,112,68,134,94,79,85,134,91,200,200,7350
13762,4068,159,2490,136,497,0,103,129,-1,-1,110,66,123,104,71,85,142,97,200,200,7350
13782,4062,157,2485,136,510,0,103,129,-1,-1,110,66,107,109,71,84,141,79,200,200,7350
13802,4064,182,2452,133,519,0,102,130,-1,-1,101,73,107,109,87,84,142,78,200,200,7350
13822,4041,207,2440,120,542,0,95,131,-1,-1,101,73,120,95,93,78,124,82,200,200,7350
13842,4026,128,2542,122,532,0,75,133,-1,-1,85,82,127,85,111,69,105,83,200,200,7350
13862,4146,123,2447,129,505,0,56,143,-1,-1,81,75,122,84,111,69,97,88,200,200,7350
13882,4202,100,2415,115,518,0,36,128,-1,-1,81,74,118,82,126,86,97,88,200,200,7350
13902,4257,66,2384,123,520,0,31,111,-1,-1,80,74,136,88,144,97,97,88,200,200,7350
13922,4253,42,2375,165,515,0,31,111,-1,-1,79,72,136,88,144,97,97,88,200,200,7350
13942,4279,29,2335,170,537,0,31,111,-1,-1,77,70,130,80,144,96,91,84,200,200,7350
13962,4333,27,2268,188,534,0,30,109,-1,-1,76,70,135,88,136,92,95,80,200,200,7350
13982,4321,25,2288,191,525,0,32,98,-1,-1,76,70,125,95,136,92,113,80,200,200,7350
14002,4362,19,2220,199,550,0,31,104,-1,-1,75,69,120,98,136,92,113,80,200,200,7350
14022,4343,15,2249,212,531,0,31,104,-1,-1,75,68,127,82,136,92,106,83,200,200,7350
14042,4337,13,2256,192,552,0,31,104,-1,-1,74,68,122,83,136,95,86,83,200,200,7350
14062,4376,14,2229,195,536,0,31,104,-1,-1,74,68,114,83,128,95,78,83,200,200,7350
14082,4366,18,2259,170,537,0,31,107,-1,-1,83,77,114,83,128,95,78,83,200,200,7350
14102,4360,25,2232,194,539,0,38,124,-1,-1,101,68,114,83,128,95,78,83,200,200,7350
14122,4440,26,2210,162,512,0,34,105,-1,-1,101,68,114,83,114,81,91,90,200,200,7350
14142,4394,39,2234,150,533,0,34,105,-1,-1,101,68,119,88,94,75,111,83,200,200,7350
14162,4393,60,2214,145,538,0,32,112,-1,-1,93,74,117,96,94,75,119,83,200,200,7350
14182,4432,48,2154,159,557,0,35,105,-1,-1,93,74,111,91,96,76,119,83,200,200,7350
14202,4375,60,2217,157,541,0,39,94,-1,-1,93,74,97,92,110,94,119,83,200,200,7350
14222,4452,46,2184,154,514,0,51,96,-1,-1,74,84,101,97,110,94,128,88,200,200,7350
14242,4459,42,2170,154,525,0,60,88,-1,-1,54,87,120,95,106,90,123,102,200,200,7350
14262,4461,57,2119,164,549,0,57,91,-1,-1,46,91,123,92,98,85,123,110,200,200,7350
14282,4494,75,2092,136,553,0,51,95,-1,-1,46,91,121,86,91,82,123,110,200,200,7350
14302,4464,69,2120,140,557,0,37,100,-1,-1,46,91,119,79,104,96,123,110,200,200,7350
14322,4531,55,2041,137,586,0,36,104,-1,-1,46,91,103,84,104,96,120,102,200,200,7350
14342,4490,57,2100,138,565,0,39,124,-1,-1,46,91,92,83,93,85,119,82,200,200,7350
14362,4616,49,2017,141,527,0,39,121,-1,-1,46,91,93,83,85,85,113,74,200,200,7350
14382,4608,65,2034,136,507,0,44,101,-1,-1,46,91,113,80,85,85,113,74,200,200,7350
14402,4597,69,2030,142,512,0,51,102,-1,-1,46,91,116,80,85,85,114,74,200,200,7350
14422,4559,66,2036,156,533,0,51,102,-1,-1,63,89,116,92,69,83,128,94,200,200,7350
14442,4591,53,2033,127,546,0,53,96,-1,-1,83,92,106,102,49,95,125,114,200,200,7350
14462,4551,56,2086,138,519,0,48,97,-1,-1,86,95,112,100,45,97,124,111,200,200,7350
14482,4524,62,2088,142,534,0,32,106,-1,-1,86,95,122,103,45,97,123,91,200,200,7350
14502,4509,30,2103,156,552,0,32,106,-1,-1,93,87,115,95,58,85,113,75,200,200,7350
14522,4477,41,2122,155,555,0,35,96,-1,-1,78,82,115,95,58,85,113,75,200,200,7350
14542,4521,53,2106,134,536,0,33,105,-1,-1,58,85,115,94,58,85,113,75,200,200,7350
14562,4492,24,2143,149,542,0,39,96,-1,-1,51,89,126,93,58,85,115,72,200,200,7350
14582,4484,30,2125,173,538,0,56,101,-1,-1,51,89,140,96,71,85,120,59,200,200,7350
14602,4513,15,2106,183,533,0,56,101,-1,-1,58,81,135,94,89,91,119,67,200,200,7350
14622,4492,23,2096,197,542,0,40,105,-1,-1,58,81,135,93,89,91,119,67,200,200,7350
14642,4545,16,2059,199,531,0,37,125,-1,-1,58,81,125,87,101,74,109,66,200,200,7350
14662,4573,16,2065,180,516,0,52,132,-1,-1,59,80,117,80,109,66,112,71,200,200,7350
14682,4724,20,1970,131,505,0,72,132,-1,-1,68,75,111,83,109,66,106,85,200,200,7350
14702,4708,16,1983,148,495,0,88,130,-1,-1,74,68,105,85,113,80,107,100,200,200,7350
14722,4724,26,1963,135,502,0,88,130,-1,-1,58,70,94,81,113,80,107,100,200,200,7350
14742,4626,28,2059,129,508,0,88,130,-1,-1,52,65,89,90,113,80,118,103,200,200,7350
14762,4623,32,2054,130,511,0,92,129,-1,-1,59,72,94,94,112,83,124,109,200,200,7350
14782,4554,36,2086,131,543,0,92,129,-1,-1,55,85,94,94,112,83,136,96,200,200,7350
14802,4540,36,2121,125,528,0,84,128,-1,-1,52,87,111,97,124,97,144,100,200,200,7350
14822,4486,40,2169,136,519,0,84,128,-1,-1,47,94,111,97,124,97,137,95,200,200,7350
14842,4487,34,2186,138,505,0,84,128,-1,-1,54,86,111,97,106,88,122,102,200,200,7350
14862,4498,37,2181,121,513,0,84,128,-1,-1,62,83,118,90,98,88,122,102,200,200,7350
14882,4477,46,2192,133,502,0,84,128,-1,-1,62,83,134,91,98,88,106,88,200,200,7350
14902,4436,38,2227,146,503,0,72,132,-1,-1,62,83,134,91,98,88,88,89,200,200,7350
14922,4494,40,2165,150,501,0,52,130,-1,-1,62,83,118,105,98,88,88,89,200,200,7350
14942,4484,30,2156,152,528,0,39,124,-1,-1,74,70,107,107,115,83,88,89,200,200,7350
14962,4581,22,2093,133,521,0,38,116,-1,-1,74,69,106,106,123,84,82,82,200,200,7350
14982,4651,18,2013,134,534,0,38,116,-1,-1,74,69,92,86,123,84,82,82,200,200,7350
15002,4633,13,2040,146,518,0,38,116,-1,-1,74,68,92,86,113,94,91,80,200,200,7350
15022,4605,13,2068,143,521,0,37,114,-1,-1,74,68,109,77,113,94,91,80,200,200,7350
15042,4634,16,2043,139,518,0,33,105,-1,-1,83,77,123,81,101,84,91,80,200,200,7350
15062,4581,23,2090,144,512,0,35,97,-1,-1,91,72,123,81,97,82,91,80,200,200,7350
15082,4565,29,2062,156,538,0,33,107,-1,-1,91,72,116,81,90,84,90,86,200,200,7350
15102,4603,31,2020,163,533,0,43,96,-1,-1,77,82,98,83,102,83,89,87,200,200,7350
15122,4558,44,2050,154,544,0,36,97,-1,-1,77,82,98,83,89,88,93,90,200,200,7350
15142,4536,48,2093,142,531,0,49,91,-1,-1,77,82,98,83,83,84,95,83,200,200,7350
15162,4523,51,2097,139,540,0,68,85,-1,-1,83,81,98,83,83,86,96,89,200,200,7350
15182,4443,46,2200,137,524,0,88,89,-1,-1,83,81,96,76,83,86,87,82,200,200,7350
15202,4457,45,2205,125,518,0,106,107,-1,-1,76,72,112,67,83,86,95,91,200,200,7350
15222,4455,38,2179,141,537,0,106,127,-1,-1,75,71,113,67,75,81,95,91,200,200,7350
15242,4476,36,2214,119,505,0,91,130,-1,-1,75,70,131,85,55,88,91,90,200,200,7350
15262,4487,38,2201,108,516,0,91,130,-1,-1,75,71,133,87,52,90,85,90,200,200,7350
15282,4470,39,2212,123,506,0,83,132,-1,-1,84,80,121,83,57,86,91,84,200,200,7350
15302,4449,46,2208,136,511,0,64,133,-1,-1,100,73,108,81,75,85,106,99,200,200,7350
15322,4497,60,2151,116,526,0,44,136,-1,-1,100,73,108,81,75,85,106,99,200,200,7350
15342,4541,70,2097,119,523,0,31,116,-1,-1,100,74,111,100,75,85,101,93,200,200,7350
15362,4518,80,2105,138,509,0,32,108,-1,-1,102,82,105,108,83,93,93,88,200,200,7350
15382,4518,88,2061,131,552,0,32,108,-1,-1,102,81,105,108,83,93,95,91,200,200,7350
15402,4488,98,2089,115,560,0,32,108,-1,-1,120,77,94,91,95,92,113,100,200,200,7350
15422,4464,89,2146,127,524,0,38,94,-1,-1,120,77,94,91,95,92,113,100,200,200,7350
15442,4459,94,2130,129,538,0,37,100,-1,-1,109,82,90,85,81,84,104,96,200,200,7350
15462,4462,80,2138,142,528,0,34,108,-1,-1,101,81,87,84,78,84,96,91,200,200,7350
15482,4460,94,2119,124,553,0,38,99,-1,-1,101,81,87,84,62,84,96,91,200,200,7350
15502,4444,86,2099,149,572,0,43,92,-1,-1,104,79,96,75,66,86,96,91,200,200,7350
15522,4467,98,2086,161,538,0,45,92,-1,-1,101,79,96,75,66,86,82,84,200,200,7350
15542,4393,94,2151,156,556,0,64,80,-1,-1,82,74,98,85,66,86,80,84,200,200,7350
15562,4430,62,2148,156,554,0,61,84,-1,-1,84,80,90,84,69,84,72,76,200,200,7350
15582,4420,75,2142,155,558,0,41,102,-1,-1,93,86,84,84,69,84,73,77,200,200,7350
15602,4453,86,2097,139,575,0,30,111,-1,-1,84,80,66,74,69,84,91,81,200,200,7350
15622,4506,52,2111,129,552,0,30,111,-1,-1,73,84,66,74,85,94,91,81,200,200,7350
15642,4520,52,2103,130,545,0,35,116,-1,-1,63,81,66,74,102,105,91,81,200,200,7350
15662,4517,44,2121,115,553,0,32,116,-1,-1,68,75,62,75,98,110,93,85,200,200,7350
15682,4599,34,2073,114,530,0,31,112,-1,-1,75,70,82,83,98,109,93,85,200,200,7350
15702,4545,32,2100,127,546,0,40,129,-1,-1,75,70,100,79,103,115,93,85,200,200,7350
15722,4614,30,2028,164,514,0,31,112,-1,-1,75,70,100,79,113,132,93,85,200,200,7350
15742,4598,29,2034,175,514,0,33,110,-1,-1,75,70,100,79,125,142,108,104,200,200,7350
15762,4557,27,2012,211,543,0,35,108,-1,-1,75,70,102,83,125,142,116,112,200,200,7350
15782,4544,29,2027,224,526,0,31,104,-1,-1,75,70,122,90,114,133,116,112,200,200,7350
15802,4524,39,2036,223,528,0,26,102,-1,-1,91,80,127,96,96,131,116,112,200,200,7350
15822,4568,43,2003,207,529,0,26,102,-1,-1,91,80,127,94,96,131,119,107,200,200,7350
15842,4560,60,2003,206,521,0,26,102,-1,-1,108,80,112,83,100,129,120,104,200,200,7350
15862,4535,60,2029,201,525,0,26,102,-1,-1,114,77,104,85,102,116,115,111,200,200,7350
15882,4531,73,2065,160,521,0,26,102,-1,-1,104,84,98,91,100,110,105,101,200,200,7350
15902,4529,70,2081,154,516,0,26,102,-1,-1,86,86,99,88,100,110,89,87,200,200,7350
15922,4531,62,2087,140,530,0,26,102,-1,-1,86,86,99,88,99,110,89,87,200,200,7350
15942,4565,53,2075,133,524,0,29,105,-1,-1,86,86,93,91,99,110,97,80,200,200,7350
15962,4532,55,2119,125,519,0,35,113,-1,-1,86,86,85,87,99,111,108,83,200,200,7350
15982,4552,47,2104,125,522,0,35,113,-1,-1,76,73,95,80,99,110,114,80,200,200,7350
16002,4548,32,2097,147,526,0,35,113,-1,-1,75,70,113,80,104,104,118,72,200,200,7350
16022,4528,31,2097,159,535,0,35,113,-1,-1,75,70,113,80,114,97,104,56,200,200,7350
16042,4539,28,2090,159,534,0,35,113,-1,-1,75,70,113,80,107,82,106,57,200,200,7350
16062,4582,28,2073,137,530,0,35,113,-1,-1,75,70,117,83,106,88,108,59,200,200,7350
16082,4552,28,2075,152,543,0,34,122,-1,-1,75,70,123,99,103,107,94,77,200,200,7350
16102,4593,34,2040,158,525,0,47,136,-1,-1,60,83,124,100,112,99,76,86,200,200,7350
16122,4648,38,1994,154,516,0,32,119,-1,-1,60,83,117,83,112,99,76,86,200,200,7350
16142,4604,41,2059,139,507,0,35,103,-1,-1,67,86,113,70,112,99,76,86,200,200,7350
16162,4611,45,2024,130,540,0,35,103,-1,-1,75,80,113,70,103,108,76,86,200,200,7350
16182,4550,45,2089,113,553,0,38,97,-1,-1,76,83,121,83,99,112,72,82,200,200,7350
16202,4493,54,2145,108,550,0,56,87,-1,-1,85,86,123,100,99,112,55,87,200,200,7350
16222,4498,52,2129,113,558,0,36,99,-1,-1,102,84,123,100,99,112,55,87,200,200,7350
16242,4539,54,2096,127,534,0,32,113,-1,-1,122,86,123,98,108,103,67,81,200,200,7350
16262,4505,65,2104,155,521,0,32,113,-1,-1,130,87,130,91,116,95,75,82,200,200,7350
16282,4467,78,2105,171,529,0,35,122,-1,-1,130,87,127,88,116,95,75,82,200,200,7350
16302,4535,81,2052,156,526,0,49,136,-1,-1,130,87,118,97,116,95,75,82,200,200,7350
16322,4644,82,1972,148,504,0,69,136,-1,-1,118,77,125,90,97,83,72,82,200,200,7350
16342,4651,82,1965,134,518,0,89,135,-1,-1,98,77,136,85,77,83,52,68,200,200,7350
16362,4634,101,1981,127,507,0,97,132,-1,-1,97,75,128,91,69,85,46,66,200,200,7350
16382,4506,116,2077,128,523,0,97,132,-1,-1,99,75,116,111,69,85,49,64,200,200,7350
16402,4483,137,2085,134,511,0,97,132,-1,-1,104,84,105,128,69,85,57,65,200,200,7350
16422,4428,161,2087,133,541,0,97,132,-1,-1,116,68,120,108,71,83,56,78,200,200,7350
16442,4425,179,2107,131,508,0,86,132,-1,-1,118,66,119,99,91,91,51,88,200,200,7350
16462,4394,191,2119,125,521,0,87,131,-1,-1,119,70,119,99,99,99,56,86,200,200,7350
16482,4419,218,2071,127,515,0,107,132,-1,-1,119,70,100,87,99,99,76,86,200,200,7350
16502,4431,218,2079,125,497,0,125,142,-1,-1,125,81,88,87,99,99,92,95,200,200,7350
16522,4355,248,2099,117,531,0,108,129,-1,-1,129,93,88,87,104,106,92,95,200,200,7350
16542,4332,257,2140,103,518,0,88,136,-1,-1,126,97,103,99,99,112,92,95,200,200,7350
16562,4311,267,2141,101,530,0,87,137,-1,-1,123,99,110,97,99,112,92,95,200,200,7350
16582,4308,267,2149,100,526,0,87,137,-1,-1,123,99,110,97,99,112,92,95,200,200,7350
16602,4295,283,2148,107,517,0,84,131,-1,-1,105,85,97,89,103,105,92,95,200,200,7350
16622,4243,296,2169,127,515,0,84,131,-1,-1,124,84,91,89,88,88,99,86,200,200,7350
16642,4267,294,2162,128,499,0,84,131,-1,-1,135,86,71,75,87,87,116,79,200,200,7350
16662,4269,303,2113,138,527,0,84,131,-1,-1,135,86,63,67,93,86,124,83,200,200,7350
16682,4244,281,2161,136,528,0,84,131,-1,-1,133,80,63,67,93,86,124,85,200,200,7350
16702,4177,321,2183,147,522,0,98,130,-1,-1,119,71,70,74,85,87,113,83,200,200,7350
16722,4245,290,2162,136,517,0,98,130,-1,-1,112,75,70,74,100,96,113,83,200,200,7350
16742,4266,238,2158,149,539,0,98,130,-1,-1,92,85,70,74,120,116,110,80,200,200,7350
16762,4244,203,2216,156,531,0,108,134,-1,-1,86,79,68,72,128,124,102,80,200,200,7350
16782,4296,166,2220,160,508,0,128,141,-1,-1,84,78,53,61,128,124,110,81,200,200,7350
16802,4294,136,2212,197,511,0,146,143,-1,-1,84,77,50,61,128,124,106,88,200,200,7350
16822,4223,117,2268,232,510,0,146,143,-1,-1,84,77,53,69,117,113,106,88,200,200,7350
16842,4202,116,2293,222,517,0,146,143,-1,-1,84,77,73,77,98,93,96,88,200,200,7350
16862,4182,104,2377,202,485,0,144,143,-1,-1,83,77,70,74,100,85,88,88,200,200,7350
16882,4246,86,2332,178,508,0,135,143,-1,-1,83,76,50,57,100,85,94,82,200,200,7350
16902,4240,74,2351,173,512,0,118,133,-1,-1,81,74,48,55,108,92,90,86,200,200,7350
16922,4191,64,2415,154,526,0,117,113,-1,-1,81,74,51,56,108,92,99,83,200,200,7350
16942,4197,61,2400,142,550,0,97,93,-1,-1,81,73,64,68,105,106,119,81,200,200,7350
16962,4233,62,2395,109,551,0,78,88,-1,-1,80,73,83,87,99,111,127,82,200,200,7350
16982,4277,61,2368,104,540,0,58,88,-1,-1,79,73,87,87,99,112,127,82,200,200,7350
17002,4277,69,2358,99,547,0,40,95,-1,-1,96,88,71,75,99,112,125,81,200,200,7350
17022,4311,70,2314,109,546,0,40,95,-1,-1,96,88,91,80,103,103,136,86,200,200,7350
17042,4331,74,2295,119,531,0,40,95,-1,-1,95,88,111,69,87,84,143,93,200,200,7350
17062,4344,66,2264,136,540,0,41,94,-1,-1,87,84,115,73,88,78,141,93,200,200,7350
17082,4330,69,2275,154,522,0,47,93,-1,-1,87,84,115,73,88,78,129,85,200,200,7350
17102,4363,63,2251,140,533,0,48,91,-1,-1,76,75,107,80,102,83,123,82,200,200,7350
17122,4376,40,2246,155,533,0,48,91,-1,-1,75,71,107,80,102,83,123,82,200,200,7350
17142,4388,41,2239,145,537,0,48,91,-1,-1,75,71,107,80,102,83,123,82,200,200,7350
17162,4394,42,2208,156,550,0,48,91,-1,-1,75,71,111,80,102,83,123,82,200,200,7350
17182,4378,50,2219,170,533,0,39,100,-1,-1,92,89,116,73,110,90,129,86,200,200,7350
17202,4430,54,2174,152,540,0,37,116,-1,-1,105,107,120,64,118,97,141,94,200,200,7350
17222,4454,54,2171,141,530,0,37,116,-1,-1,105,107,115,72,103,87,134,90,200,200,7350
17242,4464,58,2154,131,543,0,31,102,-1,-1,105,107,102,84,90,87,114,77,200,200,7350
17262,4426,55,2182,153,534,0,32,109,-1,-1,100,100,104,84,90,87,106,83,200,200,7350
17282,4425,57,2202,142,524,0,39,129,-1,-1,100,100,115,81,107,100,106,83,200,200,7350
17302,4506,59,2118,164,503,0,58,134,-1,-1,91,85,102,83,121,98,106,82,200,200,7350
17322,4625,62,2027,135,501,0,74,154,-1,-1,95,83,102,83,121,98,126,88,200,200,7350
17342,4665,75,1978,135,497,0,92,156,-1,-1,115,76,109,97,109,89,141,94,200,200,7350
17362,4663,80,1985,131,491,0,90,154,-1,-1,123,82,108,105,101,84,141,94,200,200,7350
17382,4610,103,1984,141,512,0,70,148,-1,-1,123,82,108,105,101,84,134,87,200,200,7350
17402,4599,126,2012,118,495,0,51,133,-1,-1,120,96,108,105,96,88,116,75,200,200,7350
17422,4643,115,1976,118,498,0,32,123,-1,-1,122,96,108,105,96,88,116,75,200,200,7350
17442,4589,106,2000,138,517,0,33,103,-1,-1,135,83,115,98,97,88,116,75,200,200,7350
17462,4525,92,2053,145,535,0,38,97,-1,-1,126,81,122,102,105,82,126,83,200,200,7350
17482,4542,76,2040,159,533,0,38,97,-1,-1,106,81,122,103,100,85,122,94,200,200,7350
17502,4503,73,2083,150,541,0,34,101,-1,-1,88,76,105,85,82,83,118,90,200,200,7350
17522,4570,39,2070,137,534,0,34,101,-1,-1,77,72,105,85,82,83,118,90,200,200,7350
17542,4542,23,2109,132,544,0,34,101,-1,-1,76,70,94,86,82,83,117,75,200,200,7350
17562,4559,22,2092,144,533,0,34,101,-1,-1,76,69,88,86,87,87,111,67,200,200,7350
17582,4530,21,2135,135,529,0,34,101,-1,-1,75,69,104,83,87,87,111,67,200,200,7350
17602,4559,21,2112,132,526,0,33,97,-1,-1,89,85,108,84,69,83,97,78,200,200,7350
17622,4516,32,2151,125,526,0,32,106,-1,-1,89,85,96,85,69,83,96,83,200,200,7350
17642,4569,26,2113,130,512,0,39,124,-1,-1,89,85,104,84,85,87,100,92,200,200,7350
17662,4586,36,2066,165,497,0,40,121,-1,-1,88,84,112,80,93,87,104,98,200,200,7350
17682,4605,30,2031,181,503,0,31,101,-1,-1,108,82,120,94,93,87,118,106,200,200,7350
17702,4528,44,2053,196,529,0,35,97,-1,-1,126,82,124,112,93,87,124,116,200,200,7350
17722,4450,45,2115,197,543,0,35,97,-1,-1,126,82,124,112,89,86,123,115,200,200,7350
17742,4465,36,2086,210,553,0,36,99,-1,-1,126,82,124,112,69,82,111,95,200,200,7350
17762,4453,31,2143,185,538,0,41,96,-1,-1,129,83,124,112,61,83,109,87,200,200,7350
17782,4422,39,2166,185,538,0,28,103,-1,-1,111,81,107,96,61,83,109,87,200,200,7350
17802,4415,69,2159,180,527,0,33,103,-1,-1,93,85,92,82,63,83,113,80,200,200,7350
17822,4433,43,2154,178,542,0,32,109,-1,-1,93,85,92,82,63,83,112,75,200,200,7350
17842,4440,39,2174,166,531,0,36,128,-1,-1,93,85,95,83,63,83,97,81,200,200,7350
17862,4512,44,2123,151,520,0,35,125,-1,-1,93,85,106,82,64,84,94,82,200,200,7350
17882,4469,38,2144,188,511,0,32,106,-1,-1,93,85,126,83,64,84,84,80,200,200,7350
17902,4508,30,2136,175,501,0,31,100,-1,-1,78,73,139,92,62,87,99,96,200,200,7350
17922,4508,29,2107,184,522,0,31,100,-1,-1,76,71,139,92,65,86,99,96,200,200,7350
17942,4477,17,2127,211,518,0,31,116,-1,-1,76,69,132,90,84,93,106,102,200,200,7350
17962,4445,21,2132,205,547,0,31,116,-1,-1,75,69,124,82,100,85,104,102,200,200,7350
17982,4443,29,2120,229,529,0,47,96,-1,-1,82,77,120,77,120,79,86,87,200,200,7350
18002,4308,50,2202,235,555,0,64,83,-1,-1,99,95,120,93,132,89,68,86,200,200,7350
18022,4330,43,2187,254,536,0,44,99,-1,-1,99,95,120,93,132,89,68,86,200,200,7350
18042,4332,39,2156,263,560,0,34,104,-1,-1,99,95,120,93,129,86,68,86,200,200,7350
18062,4378,38,2127,243,564,0,34,104,-1,-1,99,95,120,93,121,80,77,85,200,200,7350
18082,4396,39,2146,226,543,0,34,96,-1,-1,91,87,120,93,121,80,97,84,200,200,7350
18102,4361,30,2168,252,539,0,50,89,-1,-1,77,75,127,88,121,80,101,83,200,200,7350
18122,4306,33,2217,245,549,0,70,88,-1,-1,88,84,115,73,121,80,100,82,200,200,7350
18142,4234,38,2271,261,546,0,90,91,-1,-1,76,71,120,63,121,80,82,83,200,200,7350
18162,4261,25,2307,228,529,0,90,90,-1,-1,76,70,119,63,113,81,74,85,200,200,7350
18182,4253,27,2339,205,526,0,70,83,-1,-1,76,70,109,62,113,81,74,85,200,200,7350
18202,4262,24,2311,224,529,0,54,93,-1,-1,76,69,91,80,113,81,74,85,200,200,7350
18222,4320,25,2246,221,538,0,54,93,-1,-1,76,69,106,84,113,81,71,82,200,200,7350
18242,4315,15,2253,229,538,0,54,93,-1,-1,75,68,110,80,124,90,63,74,200,200,7350
18262,4329,13,2239,223,546,0,49,95,-1,-1,74,68,115,72,117,79,57,71,200,200,7350
18282,4319,14,2227,243,547,0,43,97,-1,-1,74,68,102,85,120,73,74,85,200,200,7350
18302,4361,15,2227,233,514,0,33,111,-1,-1,74,68,87,90,110,81,92,94,200,200,7350
18322,4421,23,2142,209,555,0,36,104,-1,-1,61,79,87,90,110,81,92,94,200,200,7350
18342,4447,23,2119,210,551,0,36,104,-1,-1,67,82,71,75,110,81,92,94,200,200,7350
18362,4458,24,2103,180,585,0,43,96,-1,-1,75,86,63,78,110,81,92,92,200,200,7350
18382,4476,25,2086,197,566,0,43,96,-1,-1,75,86,63,78,108,99,87,82,200,200,7350
18402,4492,36,2121,136,565,0,43,96,-1,-1,73,73,76,86,99,109,100,71,200,200,7350
18422,4496,50,2151,104,549,0,43,96,-1,-1,84,93,76,86,99,111,100,71,200,200,7350
18442,4467,57,2170,104,552,0,52,87,-1,-1,84,94,76,86,99,111,87,83,200,200,7350
18462,4358,76,2235,114,567,0,70,85,-1,-1,82,90,76,86,107,111,79,82,200,200,7350
18482,4350,65,2227,138,570,0,90,92,-1,-1,82,90,82,83,124,114,79,82,200,200,7350
18502,4341,79,2213,152,565,0,107,107,-1,-1,77,81,100,71,124,114,79,82,200,200,7350
18522,4331,50,2235,185,549,0,87,87,-1,-1,76,72,100,71,126,104,77,82,200,200,7350
18542,4291,45,2306,165,543,0,67,86,-1,-1,76,71,100,75,127,84,62,83,200,200,7350
18562,4346,42,2282,148,532,0,54,94,-1,-1,76,71,103,83,121,76,59,85,200,200,7350
18582,4429,41,2195,148,537,0,50,99,-1,-1,76,71,103,83,121,76,47,96,200,200,7350
18602,4423,38,2191,177,521,0,65,85,-1,-1,76,71,103,83,121,78,60,84,200,200,7350
18622,4315,35,2302,166,532,0,85,87,-1,-1,76,70,103,83,121,78,60,84,200,200,7350
18642,4244,34,2388,150,534,0,102,101,-1,-1,75,70,93,90,115,84,60,84,200,200,7350
18662,4237,35,2413,131,534,0,107,107,-1,-1,75,70,88,93,109,92,63,84,200,200,7350
18682,4229,46,2375,134,566,0,87,87,-1,-1,88,83,106,81,109,92,63,84,200,200,7350
18702,4245,78,2334,145,548,0,69,84,-1,-1,106,83,117,79,103,108,63,84,200,200,7350
18722,4164,135,2344,156,551,0,89,92,-1,-1,106,83,117,79,122,106,52,91,200,200,7350
18742,4129,166,2351,162,542,0,107,109,-1,-1,106,83,134,84,125,117,46,93,200,200,7350
18762,4144,165,2320,171,550,0,110,117,-1,-1,111,91,132,88,125,117,50,89,200,200,7350
18782,4069,212,2345,168,556,0,106,110,-1,-1,123,111,124,102,114,102,50,89,200,200,7350
18802,3999,214,2383,181,573,0,91,92,-1,-1,125,113,121,100,112,97,49,88,200,200,7350
18822,4086,167,2346,194,557,0,71,83,-1,-1,120,107,121,100,99,84,54,77,200,200,7350
18842,4162,165,2309,181,533,0,52,87,-1,-1,122,87,111,99,92,85,68,85,200,200,7350
18862,4232,160,2279,146,533,0,44,93,-1,-1,122,86,107,98,99,95,76,80,200,200,7350
18882,4252,152,2278,133,535,0,44,93,-1,-1,111,83,125,84,101,111,76,80,200,200,7350
18902,4258,119,2288,123,562,0,44,93,-1,-1,93,84,134,86,100,111,76,80,200,200,7350
18922,4314,72,2291,122,551,0,42,98,-1,-1,79,75,133,85,100,112,76,80,200,200,7350
18942,4375,48,2272,120,535,0,47,95,-1,-1,76,72,113,83,109,102,86,82,200,200,7350
18962,4376,34,2257,134,549,0,45,96,-1,-1,75,71,105,83,117,94,94,80,200,200,7350
18982,4379,31,2263,141,536,0,38,97,-1,-1,75,70,105,83,114,94,99,79,200,200,7350
19002,4399,30,2241,146,534,0,54,86,-1,-1,75,70,105,83,97,90,114,62,200,200,7350
19022,4390,29,2279,134,518,0,74,85,-1,-1,75,70,105,83,97,90,114,62,200,200,7350
19042,4359,40,2282,147,522,0,94,94,-1,-1,93,85,92,86,97,90,114,72,200,200,7350
19062,4281,52,2322,166,529,0,93,93,-1,-1,94,86,84,80,96,88,112,80,200,200,7350
19082,4268,69,2320,147,546,0,73,86,-1,-1,111,75,91,90,77,84,112,80,200,200,7350
19102,4321,57,2295,137,540,0,56,92,-1,-1,113,75,97,87,61,84,112,81,200,200,7350
19122,4368,68,2250,123,541,0,56,92,-1,-1,123,90,97,87,61,84,94,91,200,200,7350
19142,4409,66,2227,135,513,0,56,92,-1,-1,124,106,113,83,64,84,81,84,200,200,7350
19162,4393,83,2207,135,532,0,56,92,-1,-1,124,106,120,89,72,84,81,84,200,200,7350
19182,4386,94,2175,136,559,0,43,95,-1,-1,123,99,119,85,72,84,92,93,200,200,7350
19202,4388,95,2226,119,522,0,51,99,-1,-1,130,82,116,77,72,84,110,110,200,200,7350
19222,4435,88,2134,150,543,0,42,103,-1,-1,130,82,101,84,89,95,110,110,200,200,7350
19242,4434,86,2147,151,532,0,35,111,-1,-1,113,80,92,79,101,109,110,110,200,200,7350
19262,4489,74,2109,144,534,0,33,109,-1,-1,105,80,97,74,112,99,110,110,200,200,7350
19282,4430,105,2144,154,517,0,35,118,-1,-1,105,80,114,69,130,85,95,95,200,200,7350
19302,4441,86,2146,155,522,0,46,134,-1,-1,105,80,114,69,130,85,77,83,200,200,7350
19322,4537,100,2042,140,531,0,36,116,-1,-1,105,80,94,87,118,75,77,83,200,200,7350
19342,4481,118,2125,115,511,0,40,98,-1,-1,116,64,87,86,113,80,77,83,200,200,7350
19362,4453,126,2086,148,537,0,41,97,-1,-1,119,61,90,84,106,88,77,83,200,200,7350
19382,4421,121,2123,162,523,0,41,97,-1,-1,115,75,110,81,106,88,81,83,200,200,7350
19402,4414,107,2133,176,520,0,54,85,-1,-1,110,91,128,82,111,78,91,85,200,200,7350
19422,4388,102,2162,173,525,0,34,105,-1,-1,110,91,128,82,111,78,76,83,200,200,7350
19442,4446,121,2130,121,532,0,35,125,-1,-1,110,91,128,82,120,79,56,87,200,200,7350
19462,4502,97,2083,150,518,0,52,132,-1,-1,114,81,119,71,112,79,48,91,200,200,7350
19482,4639,79,2019,121,492,0,72,132,-1,-1,117,74,112,65,112,79,48,91,200,200,7350
19502,4681,80,1966,129,494,0,90,132,-1,-1,104,82,102,71,95,89,54,85,200,200,7350
19522,4592,129,2006,116,507,0,90,132,-1,-1,104,82,102,71,95,89,54,85,200,200,7350
19542,4500,154,2035,134,527,0,90,132,-1,-1,105,82,96,79,95,89,54,85,200,200,7350
19562,4448,175,2093,135,499,0,90,132,-1,-1,110,87,88,80,94,89,54,85,200,200,7350
19582,4361,200,2138,131,520,0,90,132,-1,-1,117,96,97,88,74,82,54,85,200,200,7350
19602,4337,194,2183,123,513,0,77,127,-1,-1,122,102,93,92,56,70,54,85,200,200,7350
19622,4335,240,2123,111,541,0,91,128,-1,-1,122,102,102,99,56,70,57,82,200,200,7350
19642,4277,256,2204,116,497,0,81,128,-1,-1,122,102,115,102,58,70,60,75,200,200,7350
19662,4293,255,2179,119,504,0,62,129,-1,-1,122,102,115,102,66,76,62,82,200,200,7350
19682,4342,245,2143,114,506,0,42,132,-1,-1,106,87,96,90,66,76,82,86,200,200,7350
19702,4472,183,2068,123,504,0,36,115,-1,-1,87,83,92,88,66,76,100,100,200,200,7350
19722,4561,116,2023,133,517,0,33,109,-1,-1,80,76,101,83,50,91,100,100,200,200,7350
19742,4594,77,2023,127,529,0,33,104,-1,-1,78,74,110,94,30,99,100,100,200,200,7350
19762,4577,53,2031,135,554,0,35,102,-1,-1,76,72,111,102,28,99,100,100,200,200,7350
19782,4543,41,2101,133,532,0,38,116,-1,-1,76,71,111,102,28,99,100,100,200,200,7350
19802,4610,34,2025,123,558,0,41,133,-1,-1,75,70,123,87,43,88,100,100,200,200,7350
19822,4684,31,1974,160,501,0,61,132,-1,-1,75,70,118,93,43,88,100,80,200,200,7350
19842,4740,30,1934,138,508,0,81,132,-1,-1,75,70,107,99,43,88,97,76,200,200,7350
19862,4773,30,1901,154,492,0,89,131,-1,-1,75,70,99,95,51,88,107,87,200,200,7350
19882,4683,39,1984,146,498,0,89,131,-1,-1,93,84,92,88,54,70,123,107,200,200,7350
19902,4631,63,2009,135,512,0,89,131,-1,-1,96,87,95,80,54,70,127,125,200,200,7350
19922,4548,53,2112,135,502,0,89,131,-1,-1,104,98,109,93,54,70,125,124,200,200,7350
19942,4527,58,2108,141,516,0,89,131,-1,-1,122,118,116,99,54,70,122,105,200,200,7350
19962,4508,69,2138,130,505,0,89,131,-1,-1,130,126,111,91,54,70,122,97,200,200,7350
19982,4487,63,2168,123,509,0,88,129,-1,-1,130,126,93,90,74,78,122,97,200,200,7350
20002,4486,82,2150,139,493,0,73,129,-1,-1,130,126,84,85,92,96,119,96,200,200,7350
20022,4534,63,2109,124,520,0,53,129,-1,-1,113,109,90,87,92,96,119,96,200,200,7350
20042,4565,64,2088,112,521,0,39,125,-1,-1,93,89,110,80,92,96,119,96,200,200,7350
20062,4589,58,2068,120,515,0,38,117,-1,-1,83,79,115,76,92,96,119,96,200,200,7350
20082,4690,32,2007,130,491,0,31,106,-1,-1,75,70,112,79,92,96,104,87,200,200,7350
20102,4663,31,2046,130,480,0,38,97,-1,-1,75,70,94,87,96,98,95,87,200,200,7350
20122,4608,31,2077,125,509,0,34,101,-1,-1,75,70,94,87,79,85,101,93,200,200,7350
20142,4597,36,2063,132,522,0,43,93,-1,-1,83,79,104,84,59,84,117,113,200,200,7350
20162,4609,47,2059,114,521,0,51,96,-1,-1,91,87,112,80,51,88,115,111,200,200,7350
20182,4577,53,2059,134,527,0,47,96,-1,-1,91,87,112,80,51,88,111,91,200,200,7350
20202,4572,52,2049,137,540,0,30,110,-1,-1,95,80,112,69,51,88,118,76,200,200,7350
20222,4563,55,2059,140,533,0,31,114,-1,-1,95,80,115,72,70,74,118,76,200,200,7350
20242,4566,57,2056,128,543,0,41,133,-1,-1,95,82,97,88,81,80,118,76,200,200,7350
20262,4722,60,1925,139,504,0,38,130,-1,-1,95,90,94,92,81,80,113,73,200,200,7350
20282,4745,57,1895,125,528,0,33,110,-1,-1,95,90,103,103,98,98,125,86,200,200,7350
20302,4755,51,1908,116,520,0,40,97,-1,-1,84,88,104,112,100,112,121,81,200,200,7350
20322,4630,52,1992,113,563,0,40,97,-1,-1,84,88,92,92,99,112,122,83,200,200,7350
20342,4571,48,2042,108,581,0,40,97,-1,-1,80,86,77,84,99,112,129,86,200,200,7350
20362,4571,47,2050,127,555,0,36,105,-1,-1,72,83,77,84,114,97,122,80,200,200,7350
20382,4577,51,2045,118,559,0,38,119,-1,-1,72,83,83,87,116,78,102,83,200,200,7350
20402,4578,62,2061,130,519,0,48,136,-1,-1,83,84,101,98,114,70,84,88,200,200,7350
20422,4647,58,1995,135,515,0,68,135,-1,-1,83,84,104,100,114,70,84,88,200,200,7350
20442,4729,76,1900,132,513,0,88,135,-1,-1,97,97,123,106,101,82,84,88,200,200,7350
20462,4705,64,1932,145,504,0,96,132,-1,-1,105,105,123,106,93,86,84,88,200,200,7350
20482,4621,46,2013,153,517,0,96,132,-1,-1,105,105,106,90,93,86,84,88,200,200,7350
20502,4582,60,2068,133,507,0,96,132,-1,-1,104,104,89,90,99,91,102,103,200,200,7350
20522,4576,51,2040,139,544,0,106,127,-1,-1,104,104,89,90,99,91,102,103,200,200,7350
20542,4532,54,2072,129,563,0,103,107,-1,-1,105,111,89,90,108,80,102,103,200,200,7350
20562,4444,55,2136,131,584,0,107,108,-1,-1,105,110,92,88,116,80,102,103,200,200,7350
20582,4433,59,2164,134,560,0,105,127,-1,-1,105,110,93,89,116,80,109,86,200,200,7350
20602,4455,56,2201,127,511,0,88,130,-1,-1,105,127,104,107,128,83,111,73,200,200,7350
20622,4494,55,2136,127,538,0,88,130,-1,-1,105,127,104,107,121,77,111,73,200,200,7350
20642,4486,53,2167,129,515,0,88,130,-1,-1,112,121,120,106,110,66,118,82,200,200,7350
20662,4454,59,2176,129,532,0,88,130,-1,-1,117,113,122,108,103,72,124,90,200,200,7350
20682,4416,71,2193,139,531,0,88,130,-1,-1,117,113,105,100,97,80,124,90,200,200,7350
20702,4447,50,2200,138,515,0,88,130,-1,-1,105,101,97,91,89,86,124,90,200,200,7350
20722,4406,55,2245,142,502,0,88,130,-1,-1,105,101,97,91,95,87,124,90,200,200,7350
20742,4434,50,2214,131,521,0,101,129,-1,-1,95,91,106,107,115,84,131,93,200,200,7350
20762,4424,62,2213,140,511,0,113,133,-1,-1,87,83,106,106,123,88,136,95,200,200,7350
20782,4442,59,2217,133,499,0,133,140,-1,-1,97,80,120,91,123,89,145,94,200,200,7350
20802,4352,69,2264,174,491,0,151,144,-1,-1,82,83,133,84,123,91,137,87,200,200,7350
20822,4327,55,2315,169,484,0,151,144,-1,-1,77,73,133,85,115,84,136,91,200,200,7350
20842,4326,70,2289,178,487,0,151,144,-1,-1,58,72,124,105,95,88,123,110,200,200,7350
20862,4284,68,2324,181,493,0,144,142,-1,-1,50,68,124,105,87,84,127,118,200,200,7350
20882,4316,72,2314,157,491,0,128,130,-1,-1,52,72,110,87,87,84,127,118,200,200,7350
20902,4277,84,2327,164,498,0,115,114,-1,-1,70,83,116,69,96,96,127,118,200,200,7350
20922,4311,81,2272,157,529,0,102,98,-1,-1,71,83,116,69,96,96,123,113,200,200,7350
20942,4298,81,2291,155,525,0,82,83,-1,-1,91,84,121,73,105,86,120,93,200,200,7350
20962,4340,84,2273,141,512,0,84,85,-1,-1,99,88,129,81,113,78,121,92,200,200,7350
20982,4280,102,2302,142,524,0,104,104,-1,-1,99,88,129,86,112,81,112,91,200,200,7350
21002,4258,95,2322,155,520,0,106,122,-1,-1,99,88,118,96,110,99,94,91,200,200,7350
21022,4398,85,2218,143,506,0,119,134,-1,-1,99,88,102,85,110,99,94,91,200,200,7350
21042,4398,103,2208,146,495,0,124,142,-1,-1,96,84,86,81,103,95,94,91,200,200,7350
21062,4390,78,2242,149,491,0,122,138,-1,-1,78,74,93,83,95,87,94,91,200,200,7350
21082,4370,60,2283,146,491,0,102,132,-1,-1,77,72,102,82,100,95,107,83,200,200,7350
21102,4372,59,2295,127,497,0,92,131,-1,-1,77,72,120,81,101,110,125,87,200,200,7350
21122,4335,52,2325,136,502,0,92,131,-1,-1,77,72,120,81,91,92,125,87,200,200,7350
21142,4375,50,2279,138,508,0,107,126,-1,-1,77,72,120,83,78,82,125,87,200,200,7350
21162,4349,59,2285,146,511,0,109,129,-1,-1,85,81,112,83,78,82,121,84,200,200,7350
21182,4366,71,2283,131,499,0,129,145,-1,-1,105,99,101,82,90,82,121,84,200,200,7350
21202,4381,83,2255,128,503,0,147,141,-1,-1,121,98,97,82,108,82,121,84,200,200,7350
21222,4295,79,2302,168,506,0,147,141,-1,-1,121,98,115,98,108,82,120,84,200,200,7350
21242,4247,69,2351,181,502,0,147,141,-1,-1,121,98,115,96,117,83,120,74,200,200,7350
21262,4264,78,2339,178,491,0,140,141,-1,-1,119,96,123,88,123,90,124,78,200,200,7350
21282,4286,82,2337,167,478,0,130,126,-1,-1,114,94,125,83,123,90,134,91,200,200,7350
21302,4205,111,2374,177,483,0,112,110,-1,-1,111,79,143,95,115,96,129,86,200,200,7350
21322,4098,147,2473,152,480,0,94,94,-1,-1,108,80,143,95,115,96,129,86,200,200,7350
21342,4190,118,2379,153,510,0,74,81,-1,-1,88,86,123,75,116,79,129,86,200,200,7350
21362,4315,99,2304,137,495,0,66,84,-1,-1,80,86,119,68,120,71,124,81,200,200,7350
21382,4327,84,2302,137,500,0,78,84,-1,-1,80,86,117,70,115,76,124,81,200,200,7350
21402,4277,92,2310,152,519,0,97,96,-1,-1,78,75,99,87,110,94,112,95,200,200,7350
21422,4226,83,2376,150,515,0,114,111,-1,-1,72,84,99,87,110,94,112,95,200,200,7350
21442,4225,70,2403,153,499,0,131,130,-1,-1,78,73,97,93,110,94,122,86,200,200,7350
21462,4231,62,2429,133,495,0,124,137,-1,-1,78,73,96,92,108,100,120,84,200,200,7350
21482,4311,53,2370,122,494,0,120,117,-1,-1,78,72,95,79,100,111,120,84,200,200,7350
21502,4306,36,2377,107,524,0,102,98,-1,-1,77,71,96,80,99,112,115,72,200,200,7350
21522,4264,38,2408,112,528,0,82,83,-1,-1,77,71,96,80,99,111,100,82,200,200,7350
21542,4351,44,2328,109,518,0,62,84,-1,-1,77,71,96,80,99,112,97,79,200,200,7350
21562,4389,50,2276,117,518,0,54,87,-1,-1,87,79,106,81,93,96,91,84,200,200,7350
21582,4395,52,2258,127,518,0,54,87,-1,-1,106,69,115,80,90,87,91,84,200,200,7350
21602,4364,71,2246,136,533,0,54,87,-1,-1,108,67,106,83,97,93,91,84,200,200,7350
21622,4373,65,2225,144,543,0,53,87,-1,-1,119,76,106,83,97,93,80,81,200,200,7350
21642,4364,65,2244,151,526,0,52,99,-1,-1,120,79,113,77,97,93,97,81,200,200,7350
21662,4392,75,2223,143,517,0,57,97,-1,-1,127,88,113,76,103,99,105,81,200,200,7350
21682,4348,99,2228,160,515,0,67,81,-1,-1,123,108,105,81,122,119,105,81,200,200,7350
21702,4344,76,2220,178,532,0,86,87,-1,-1,123,120,87,85,128,137,113,93,200,200,7350
21722,4281,97,2247,197,528,0,106,103,-1,-1,123,120,87,85,128,137,113,93,200,200,7350
21742,4225,92,2290,205,538,0,124,120,-1,-1,114,112,88,88,128,137,113,93,200,200,7350
21762,4204,90,2340,208,508,0,129,136,-1,-1,108,104,96,96,128,136,113,93,200,200,7350
21782,4238,67,2341,200,504,0,124,141,-1,-1,108,104,96,96,128,136,124,93,200,200,7350
21802,4265,69,2313,200,503,0,119,126,-1,-1,99,95,107,101,128,128,119,94,200,200,7350
21822,4258,51,2332,201,508,0,117,116,-1,-1,99,95,107,101,128,128,119,94,200,200,7350
21842,4202,65,2381,180,522,0,106,115,-1,-1,87,83,107,101,128,128,119,94,200,200,7350
21862,4210,61,2413,160,506,0,104,111,-1,-1,70,81,107,101,128,128,119,94,200,200,7350
21882,4194,62,2392,175,527,0,96,96,-1,-1,56,75,108,96,128,128,132,87,200,200,7350
21902,4216,66,2367,190,511,0,77,81,-1,-1,56,75,106,84,125,122,135,87,200,200,7350
21922,4262,67,2320,188,513,0,58,86,-1,-1,41,91,97,79,125,122,117,78,200,200,7350
21942,4252,66,2308,200,524,0,48,98,-1,-1,34,98,89,79,116,112,97,79,200,200,7350
21962,4300,70,2294,157,529,0,48,98,-1,-1,34,98,90,79,111,107,97,79,200,200,7350
21982,4322,78,2231,185,534,0,56,91,-1,-1,50,83,105,85,131,127,97,78,200,200,7350
22002,4250,96,2241,218,545,0,73,86,-1,-1,66,86,122,87,125,138,115,71,200,200,7350
22022,4257,103,2253,204,533,0,53,94,-1,-1,66,86,122,87,125,138,115,71,200,200,7350
22042,4344,105,2173,198,530,0,34,108,-1,-1,83,84,116,83,118,124,97,85,200,200,7350
22062,4346,109,2163,213,519,0,34,108,-1,-1,91,81,108,83,122,110,92,88,200,200,7350
22082,4342,129,2185,184,510,0,34,108,-1,-1,91,81,108,83,119,101,103,99,200,200,7350
22102,4352,128,2172,161,537,0,39,125,-1,-1,91,81,108,83,107,84,108,112,200,200,7350
22122,4390,126,2162,154,518,0,39,106,-1,-1,105,81,104,86,107,84,109,112,200,200,7350
22142,4402,141,2133,152,522,0,51,97,-1,-1,120,81,86,91,107,95,129,98,200,200,7350
22162,4397,138,2108,147,560,0,51,97,-1,-1,120,81,86,91,109,92,137,92,200,200,7350
22182,4400,148,2116,145,541,0,45,96,-1,-1,111,66,96,79,112,82,137,92,200,200,7350
22202,4350,170,2149,163,518,0,44,95,-1,-1,113,62,108,68,112,78,124,80,200,200,7350
22222,4334,160,2176,169,511,0,44,95,-1,-1,102,77,108,68,112,78,124,80,200,200,7350
22242,4330,185,2136,168,531,0,44,95,-1,-1,98,94,110,58,120,96,126,90,200,200,7350
22262,4351,158,2144,177,520,0,44,95,-1,-1,98,94,117,69,123,104,123,98,200,200,7350
22282,4412,155,2074,180,529,0,33,107,-1,-1,95,85,137,89,123,104,123,98,200,200,7350
22302,4396,171,2056,203,524,0,32,111,-1,-1,99,80,141,93,123,104,123,98,200,200,7350
22322,4428,144,2041,227,510,0,39,131,-1,-1,79,83,141,93,131,96,123,100,200,200,7350
22342,4471,111,2082,201,485,0,59,134,-1,-1,59,74,121,83,142,96,124,118,200,200,7350
22362,4576,105,2001,183,485,0,56,134,-1,-1,54,73,114,83,133,97,124,117,200,200,7350
22382,4607,106,1987,147,503,0,36,127,-1,-1,54,73,114,83,113,112,120,97,200,200,7350
22402,4648,107,1993,117,485,0,38,109,-1,-1,59,75,112,78,100,113,113,79,200,200,7350
22422,4569,94,2041,112,534,0,38,109,-1,-1,52,86,93,84,100,111,113,79,200,200,7350
22442,4509,105,2097,108,531,0,38,109,-1,-1,53,86,88,81,99,112,113,79,200,200,7350
22462,4532,114,2066,110,528,0,38,109,-1,-1,51,70,96,75,99,111,110,82,200,200,7350
22482,4536,96,2073,123,522,0,35,98,-1,-1,45,66,105,66,106,105,109,86,200,200,7350
22502,4486,94,2099,132,539,0,42,92,-1,-1,58,78,110,60,124,91,123,80,200,200,7350
22522,4487,97,2076,158,532,0,38,97,-1,-1,47,64,114,74,124,91,119,75,200,200,7350
22542,4441,105,2125,145,534,0,55,85,-1,-1,54,67,119,79,124,91,112,58,200,200,7350
22562,4375,105,2181,146,543,0,52,91,-1,-1,62,66,113,79,121,86,112,58,200,200,7350
22582,4439,99,2146,133,533,0,32,111,-1,-1,68,72,115,74,121,86,96,75,200,200,7350
22602,4482,88,2102,138,540,0,36,128,-1,-1,86,88,116,67,120,87,92,80,200,200,7350
22622,4572,67,2084,140,487,0,31,108,-1,-1,86,88,114,67,120,87,100,92,200,200,7350
22642,4546,69,2086,150,499,0,39,98,-1,-1,86,88,122,64,116,80,107,108,200,200,7350
22662,4481,83,2102,165,519,0,39,98,-1,-1,86,88,116,66,108,83,107,108,200,200,7350
22682,4510,76,2093,147,524,0,32,110,-1,-1,96,92,125,73,108,83,111,93,200,200,7350
22702,4521,66,2078,160,525,0,39,127,-1,-1,113,99,128,85,108,83,115,75,200,200,7350
22722,4615,74,1986,165,510,0,31,107,-1,-1,113,99,131,88,109,92,115,75,200,200,7350
22742,4574,72,2033,163,508,0,34,99,-1,-1,101,85,138,95,101,111,108,79,200,200,7350
22762,4513,82,2067,168,520,0,32,99,-1,-1,93,84,136,93,101,93,100,85,200,200,7350
22782,4499,93,2057,175,526,0,38,119,-1,-1,93,84,127,81,101,73,100,85,200,200,7350
22802,4444,82,2144,167,513,0,48,135,-1,-1,86,85,131,86,107,65,100,85,200,200,7350
22822,4595,85,2007,172,491,0,68,132,-1,-1,86,85,118,82,107,65,100,85,200,200,7350
22842,4625,86,1990,163,486,0,87,130,-1,-1,86,85,113,81,113,74,107,91,200,200,7350
22862,4696,60,1977,131,486,0,87,130,-1,-1,78,78,111,85,111,82,115,99,200,200,7350
22882,4649,68,2014,124,495,0,87,130,-1,-1,58,71,111,85,111,82,115,99,200,200,7350
22902,4653,72,2001,118,506,0,89,131,-1,-1,53,67,111,85,111,83,115,99,200,200,7350
22922,4602,78,2036,138,496,0,103,132,-1,-1,54,67,111,85,131,88,110,94,200,200,7350
22942,4589,70,2067,140,484,0,123,143,-1,-1,74,78,97,87,131,88,90,81,200,200,7350
22962,4535,78,2090,154,493,0,131,144,-1,-1,82,86,89,88,125,85,82,84,200,200,7350
22982,4508,77,2086,167,512,0,131,144,-1,-1,82,86,89,88,125,85,82,84,200,200,7350
23002,4510,88,2069,161,522,0,131,144,-1,-1,82,86,89,88,125,85,82,84,200,200,7350
23022,4507,82,2094,166,501,0,119,126,-1,-1,82,86,107,82,125,85,82,84,200,200,7350
23042,4440,74,2163,174,499,0,111,107,-1,-1,92,83,127,82,113,82,86,84,200,200,7350
23062,4386,86,2217,162,499,0,92,90,-1,-1,92,81,135,82,105,83,78,84,200,200,7350
23082,4340,78,2253,154,525,0,72,84,-1,-1,83,78,135,82,105,83,78,84,200,200,7350
23102,4381,57,2245,147,520,0,54,89,-1,-1,87,83,134,82,105,83,65,79,200,200,7350
23122,4430,77,2189,135,519,0,54,89,-1,-1,87,83,134,82,105,83,64,78,200,200,7350
23142,4479,37,2135,142,557,0,54,89,-1,-1,75,70,115,83,110,99,52,87,200,200,7350
23162,4473,36,2175,145,521,0,54,89,-1,-1,75,70,107,83,96,96,44,95,200,200,7350
23182,4480,32,2158,123,557,0,42,92,-1,-1,75,70,107,83,91,90,44,95,200,200,7350
23202,4460,31,2169,144,546,0,31,104,-1,-1,75,70,116,80,87,81,55,100,200,200,7350
23222,4495,29,2159,126,541,0,40,95,-1,-1,75,70,116,80,100,96,59,88,200,200,7350
23242,4507,28,2155,131,529,0,60,85,-1,-1,75,70,113,80,101,108,79,83,200,200,7350
23262,4485,28,2172,129,536,0,57,86,-1,-1,75,70,105,86,93,96,87,86,200,200,7350
23282,4520,28,2148,132,522,0,37,99,-1,-1,75,70,95,88,84,91,87,86,200,200,7350
23302,4502,33,2176,132,507,0,33,101,-1,-1,63,83,95,88,77,79,87,86,200,200,7350
23322,4513,39,2160,127,511,0,33,101,-1,-1,54,87,89,85,69,83,87,86,200,200,7350
23342,4459,40,2223,118,510,0,43,96,-1,-1,43,96,89,82,49,94,98,82,200,200,7350
23362,4465,43,2170,141,531,0,52,91,-1,-1,35,104,97,74,49,94,95,87,200,200,7350
23382,4418,39,2225,153,515,0,71,86,-1,-1,42,97,97,74,60,86,106,90,200,200,7350
23402,4325,54,2292,150,529,0,86,93,-1,-1,47,94,99,85,78,88,114,98,200,200,7350
23422,4337,55,2286,163,509,0,70,83,-1,-1,47,94,96,87,78,88,123,92,200,200,7350
23442,4381,60,2248,148,513,0,50,95,-1,-1,47,94,85,85,78,88,120,85,200,200,7350
23462,4464,60,2174,126,526,0,42,95,-1,-1,47,94,89,82,79,87,118,78,200,200,7350
23482,4471,61,2162,125,531,0,42,95,-1,-1,57,83,109,67,96,75,130,90,200,200,7350
23502,4465,48,2169,136,532,0,42,95,-1,-1,75,83,116,70,108,66,122,83,200,200,7350
23522,4468,51,2158,143,530,0,42,95,-1,-1,75,83,116,70,108,66,122,83,200,200,7350
23542,4462,55,2146,157,530,0,42,95,-1,-1,75,83,106,85,119,64,117,78,200,200,7350
23562,4420,58,2202,157,513,0,42,95,-1,-1,75,83,112,92,109,74,115,68,200,200,7350
23582,4472,58,2158,138,524,0,42,95,-1,-1,75,80,114,99,96,91,116,72,200,200,7350
23602,4515,46,2066,181,542,0,32,105,-1,-1,73,82,122,95,96,91,133,90,200,200,7350
23622,4525,44,2097,148,536,0,36,103,-1,-1,73,82,123,88,84,84,133,90,200,200,7350
23642,4510,38,2130,144,528,0,56,97,-1,-1,75,71,117,68,64,81,124,89,200,200,7350
23662,4474,31,2173,141,531,0,56,97,-1,-1,75,70,122,62,56,75,116,86,200,200,7350
23682,4551,30,2082,142,545,0,41,102,-1,-1,75,70,121,62,56,75,116,86,200,200,7350
23702,4511,27,2152,138,522,0,32,108,-1,-1,75,70,112,68,56,79,116,86,200,200,7350
23722,4567,27,2085,146,525,0,31,102,-1,-1,75,70,112,68,56,79,116,86,200,200,7350
23742,4547,29,2093,155,526,0,31,104,-1,-1,66,78,112,68,46,69,109,83,200,200,7350
23762,4541,37,2078,149,545,0,32,112,-1,-1,58,85,112,68,50,74,101,85,200,200,7350
23782,4499,39,2117,171,524,0,32,112,-1,-1,57,83,107,63,70,84,90,85,200,200,7350
23802,4502,43,2057,198,550,0,32,112,-1,-1,57,68,118,81,88,74,72,83,200,200,7350
23822,4519,43,2038,215,535,0,32,112,-1,-1,63,72,118,81,88,74,72,83,200,200,7350
23842,4472,42,2079,229,528,0,32,112,-1,-1,83,87,114,68,88,74,72,83,200,200,7350
23862,4437,49,2070,243,551,0,32,104,-1,-1,91,95,115,73,88,74,83,84,200,200,7350
23882,4428,49,2098,247,528,0,31,99,-1,-1,91,95,132,86,81,82,89,81,200,200,7350
23902,4514,47,2065,195,529,0,31,100,-1,-1,91,95,132,87,63,82,76,81,200,200,7350
23922,4455,60,2120,187,528,0,36,113,-1,-1,98,87,123,87,63,82,76,81,200,200,7350
23942,4477,56,2060,207,550,0,36,109,-1,-1,116,81,103,96,71,85,78,81,200,200,7350
23962,4463,62,2077,212,536,0,42,101,-1,-1,116,81,95,92,79,89,84,77,200,200,7350
23982,4463,68,2078,195,546,0,42,101,-1,-1,115,73,95,92,78,88,84,77,200,200,7350
